"Date","Price","Open","High","Low","Vol.","Change %"
"2024-12-22","5.0638","5.0788","5.1069","5.0515","","-0.25%"
"2024-12-15","5.0763","5.1128","5.1218","5.0363","","-0.69%"
"2024-12-08","5.1114","5.1361","5.1544","5.1059","","-0.43%"
"2024-12-01","5.1335","5.1709","5.1984","5.1331","","-0.74%"
"2024-11-24","5.1720","5.1830","5.2029","5.1060","","-0.21%"
"2024-11-17","5.1828","5.1326","5.1956","5.1314","","1.01%"
"2024-11-10","5.1308","5.1616","5.1929","5.1278","","-0.58%"
"2024-11-03","5.1607","5.1072","5.1645","5.1017","","1.13%"
"2024-10-27","5.1028","5.1280","5.1374","5.1037","","-0.43%"
"2024-10-20","5.1248","5.1464","5.1584","5.1242","","-0.40%"
"2024-10-13","5.1453","5.1369","5.1779","5.1313","","0.21%"
"2024-10-06","5.1345","5.1718","5.1956","5.1243","","-0.66%"
"2024-09-29","5.1684","5.1876","5.2086","5.1623","","-0.34%"
"2024-09-22","5.1860","5.1983","5.2398","5.1818","","-0.18%"
"2024-09-15","5.1953","5.2185","5.2291","5.1877","","-0.49%"
"2024-09-08","5.2208","5.2226","5.2514","5.2147","","0.02%"
"2024-09-01","5.2199","5.2561","5.2754","5.2168","","-0.65%"
"2024-08-25","5.2538","5.2750","5.3038","5.2448","","-0.38%"
"2024-08-18","5.2738","5.2314","5.2835","5.2152","","0.72%"
"2024-08-11","5.2360","5.2188","5.2383","5.1990","","0.34%"
"2024-08-04","5.2185","5.1615","5.2294","5.1106","","1.12%"
"2024-07-28","5.1607","5.2409","5.2511","5.1596","","-1.49%"
"2024-07-21","5.2386","5.2954","5.3039","5.2102","","-1.01%"
"2024-07-14","5.2923","5.3172","5.3272","5.2866","","-0.48%"
"2024-07-07","5.3176","5.3273","5.3465","5.3151","","-0.18%"
"2024-06-30","5.3273","5.3127","5.3429","5.2850","","0.30%"
"2024-06-23","5.3115","5.3007","5.3275","5.2901","","0.20%"
"2024-06-16","5.3007","5.2823","5.3096","5.2703","","0.35%"
"2024-06-09","5.2823","5.2686","5.2936","5.2575","","0.33%"
"2024-06-02","5.2648","5.3129","5.3244","5.2629","","-0.91%"
"2024-05-26","5.3129","5.2989","5.3221","5.2703","","0.26%"
"2024-05-19","5.2989","5.3063","5.3199","5.2677","","-0.14%"
"2024-05-12","5.3063","5.2846","5.3119","5.2788","","0.41%"
"2024-05-05","5.2846","5.2898","5.2985","5.2495","","-0.09%"
"2024-04-28","5.2894","5.2998","5.3193","5.2518","","-0.20%"
"2024-04-21","5.2998","5.2618","5.3142","5.2618","","0.71%"
"2024-04-14","5.2626","5.2534","5.2756","5.2262","","0.18%"
"2024-04-07","5.2530","5.3219","5.3369","5.2481","","-1.29%"
"2024-03-31","5.3219","5.3298","5.3661","5.2985","","-0.18%"
"2024-03-24","5.3314","5.3137","5.3425","5.2907","","0.37%"
"2024-03-17","5.3118","5.3142","5.3497","5.2868","","-0.02%"
"2024-03-10","5.3130","5.3305","5.3415","5.3068","","-0.31%"
"2024-03-03","5.3297","5.3072","5.3562","5.2903","","0.44%"
"2024-02-25","5.3064","5.3286","5.3375","5.2896","","-0.39%"
"2024-02-18","5.3270","5.3328","5.3477","5.3095","","-0.12%"
"2024-02-11","5.3332","5.3435","5.3554","5.2932","","-0.20%"
"2024-02-04","5.3439","5.3405","5.3622","5.3065","","0.04%"
"2024-01-28","5.3417","5.3328","5.3710","5.3292","","0.14%"
"2024-01-21","5.3340","5.3520","5.3630","5.2825","","-0.40%"
"2024-01-14","5.3556","5.3445","5.3591","5.3127","","0.24%"
"2024-01-07","5.3430","5.3487","5.3679","5.3302","","0.03%"
"2023-12-31","5.3415","5.3568","5.3903","5.3374","","-0.29%"
"2023-12-24","5.3568","5.3746","5.4229","5.3528","","-0.28%"
"2023-12-17","5.3717","5.3258","5.3949","5.3162","","0.99%"
"2023-12-10","5.3190","5.2734","5.3314","5.2676","","0.90%"
"2023-12-03","5.2715","5.2847","5.2953","5.2503","","-0.32%"
"2023-11-26","5.2882","5.2426","5.2927","5.2333","","0.89%"
"2023-11-19","5.2414","5.2582","5.2603","5.1930","","-0.26%"
"2023-11-12","5.2551","5.2816","5.3077","5.2451","","-0.49%"
"2023-11-05","5.2808","5.3405","5.3464","5.2599","","-1.19%"
"2023-10-29","5.3444","5.2766","5.3528","5.2636","","1.34%"
"2023-10-22","5.2739","5.3351","5.3525","5.2705","","-1.11%"
"2023-10-15","5.3332","5.3434","5.3726","5.3210","","-0.26%"
"2023-10-08","5.3473","5.3374","5.3756","5.3283","","0.08%"
"2023-10-01","5.3428","5.3791","5.3854","5.2948","","-0.64%"
"2023-09-24","5.3771","5.4164","5.4412","5.3735","","-0.63%"
"2023-09-17","5.4111","5.3793","5.4478","5.3761","","0.59%"
"2023-09-10","5.3793","5.3866","5.3928","5.3428","","-0.05%"
"2023-09-03","5.3822","5.3379","5.3960","5.3371","","0.80%"
"2023-08-27","5.3395","5.3576","5.3890","5.3324","","-0.32%"
"2023-08-20","5.3564","5.3731","5.4036","5.3434","","-0.30%"
"2023-08-13","5.3727","5.3857","5.4171","5.3668","","-0.20%"
"2023-08-06","5.3836","5.3620","5.3924","5.3435","","0.41%"
"2023-07-30","5.3616","5.4023","5.4329","5.3544","","-0.59%"
"2023-07-23","5.3933","5.4350","5.4638","5.3925","","-0.74%"
"2023-07-16","5.4337","5.4028","5.5018","5.3954","","0.58%"
"2023-07-09","5.4024","5.4400","5.4607","5.3975","","-0.68%"
"2023-07-02","5.4392","5.4756","5.4781","5.4047","","-0.69%"
"2023-06-25","5.4768","5.4432","5.5072","5.4428","","0.61%"
"2023-06-18","5.4436","5.3958","5.4626","5.3913","","0.85%"
"2023-06-11","5.3978","5.3424","5.4068","5.3358","","1.07%"
"2023-06-04","5.3408","5.2726","5.3539","5.2691","","1.25%"
"2023-05-28","5.2750","5.1922","5.2823","5.1850","","1.70%"
"2023-05-21","5.1869","5.1896","5.2349","5.1686","","-0.04%"
"2023-05-14","5.1889","5.1294","5.2268","5.1271","","1.07%"
"2023-05-07","5.1339","5.1621","5.1942","5.1283","","-0.62%"
"2023-04-30","5.1660","5.1023","5.1675","5.0643","","1.32%"
"2023-04-23","5.0989","5.0890","5.1053","5.0631","","0.19%"
"2023-04-16","5.0894","5.1407","5.1491","5.0797","","-0.97%"
"2023-04-09","5.1392","5.0781","5.1528","5.0758","","1.10%"
"2023-04-02","5.0833","5.0803","5.1336","5.0762","","0.05%"
"2023-03-26","5.0807","4.9975","5.0869","4.9967","","1.71%"
"2023-03-19","4.9953","5.0160","5.0375","4.9638","","-0.37%"
"2023-03-12","5.0138","4.9946","5.0399","4.9706","","0.46%"
"2023-03-05","4.9906","5.0786","5.1022","4.9838","","-1.73%"
"2023-02-26","5.0782","5.1087","5.1280","5.0299","","-0.59%"
"2023-02-19","5.1083","5.0947","5.1208","5.0697","","0.25%"
"2023-02-12","5.0958","5.1000","5.1333","5.0805","","-0.11%"
"2023-02-05","5.1012","5.0581","5.1031","5.0336","","0.93%"
"2023-01-29","5.0543","5.0946","5.0992","5.0143","","-0.79%"
"2023-01-22","5.0946","5.0669","5.0992","5.0499","","0.52%"
"2023-01-15","5.0680","5.0011","5.0718","4.9882","","1.35%"
"2023-01-08","5.0007","5.0848","5.0946","4.9899","","-1.65%"
"2023-01-01","5.0848","5.0891","5.1128","5.0182","","-0.08%"
"2022-12-25","5.0891","5.1333","5.1714","5.0771","","-0.94%"
"2022-12-18","5.1375","5.0956","5.1519","5.0911","","1.00%"
"2022-12-11","5.0867","5.1011","5.1632","5.0852","","-0.15%"
"2022-12-04","5.0944","5.2124","5.2326","5.0806","","-2.22%"
"2022-11-27","5.2101","5.3468","5.3743","5.1904","","-2.71%"
"2022-11-20","5.3552","5.3180","5.3750","5.3049","","0.71%"
"2022-11-13","5.3176","5.3606","5.3769","5.2784","","-0.79%"
"2022-11-06","5.3602","5.3028","5.4142","5.3016","","0.59%"
"2022-10-30","5.3287","5.3245","5.3870","5.2877","","-0.01%"
"2022-10-23","5.3292","5.3036","5.3663","5.2607","","0.42%"
"2022-10-16","5.3071","5.1805","5.3117","5.1783","","2.50%"
"2022-10-09","5.1779","5.1787","5.2331","5.1425","","0.02%"
"2022-10-02","5.1768","5.1484","5.2677","5.1435","","0.65%"
"2022-09-25","5.1435","5.2428","5.2922","5.1391","","-1.89%"
"2022-09-18","5.2428","5.2603","5.2961","5.2091","","-0.37%"
"2022-09-11","5.2623","5.3163","5.3473","5.2473","","-0.97%"
"2022-09-04","5.3139","5.2544","5.3310","5.2436","","1.19%"
"2022-08-28","5.2516","5.2736","5.3269","5.2248","","-0.36%"
"2022-08-21","5.2708","5.2442","5.3151","5.2398","","0.50%"
"2022-08-14","5.2446","5.2800","5.2895","5.2317","","-0.63%"
"2022-08-07","5.2779","5.2271","5.2965","5.2194","","0.97%"
"2022-07-31","5.2271","5.2620","5.2919","5.2056","","-0.82%"
"2022-07-24","5.2703","5.2253","5.2752","5.2128","","0.86%"
"2022-07-17","5.2253","5.1873","5.2667","5.1839","","0.80%"
"2022-07-10","5.1838","5.1687","5.1966","5.1150","","0.29%"
"2022-07-03","5.1687","5.1982","5.2148","5.1273","","-0.61%"
"2022-06-26","5.2002","5.1855","5.2251","5.1708","","0.28%"
"2022-06-19","5.1855","5.1531","5.1894","5.1282","","0.61%"
"2022-06-12","5.1543","5.2469","5.2699","5.1307","","-1.76%"
"2022-06-05","5.2469","5.2892","5.3379","5.2352","","-0.77%"
"2022-05-29","5.2875","5.2603","5.3056","5.2267","","0.47%"
"2022-05-22","5.2628","5.2099","5.2874","5.1663","","0.99%"
"2022-05-15","5.2111","5.2514","5.2866","5.1994","","-0.87%"
"2022-05-08","5.2567","5.1631","5.2636","5.1458","","1.81%"
"2022-05-01","5.1631","5.1460","5.2108","5.1157","","0.48%"
"2022-04-24","5.1384","5.1161","5.2040","5.0972","","0.50%"
"2022-04-17","5.1129","5.0499","5.1755","5.0313","","1.25%"
"2022-04-10","5.0499","5.0597","5.0880","5.0189","","-0.19%"
"2022-04-03","5.0597","5.0811","5.1294","5.0388","","-0.42%"
"2022-03-27","5.0811","5.1008","5.1108","5.0545","","-0.40%"
"2022-03-20","5.1016","5.0459","5.1065","5.0328","","1.10%"
"2022-03-13","5.0459","4.9736","5.0523","4.9453","","1.45%"
"2022-03-06","4.9736","4.9621","4.9931","4.8960","","0.23%"
"2022-02-27","4.9621","4.9490","5.0194","4.9226","","-0.16%"
"2022-02-20","4.9700","4.9601","4.9803","4.9129","","0.21%"
"2022-02-13","4.9597","4.9851","5.0053","4.9558","","-0.58%"
"2022-02-06","4.9886","4.9615","5.0270","4.9615","","0.14%"
"2022-01-30","4.9816","4.9824","5.0277","4.9726","","-0.02%"
"2022-01-23","4.9824","5.0366","5.0458","4.9666","","-1.08%"
"2022-01-16","5.0366","5.0589","5.0961","5.0338","","-0.44%"
"2022-01-09","5.0589","5.0410","5.1060","5.0198","","0.34%"
"2022-01-02","5.0418","5.0274","5.0478","4.9696","","0.31%"
"2021-12-26","5.0262","4.9693","5.0326","4.9562","","1.16%"
"2021-12-19","4.9686","4.9440","4.9800","4.9168","","0.51%"
"2021-12-12","4.9432","5.0043","5.0098","4.9206","","-1.24%"
"2021-12-05","5.0051","4.9698","5.0377","4.9611","","0.84%"
"2021-11-28","4.9633","4.9964","5.0255","4.9568","","-0.69%"
"2021-11-21","4.9980","5.0549","5.0549","4.9933","","-1.06%"
"2021-11-14","5.0517","5.0822","5.1087","5.0429","","-0.64%"
"2021-11-07","5.0842","5.1332","5.1535","5.0593","","-1.00%"
"2021-10-31","5.1357","5.1670","5.1791","5.1255","","-0.65%"
"2021-10-24","5.1691","5.1612","5.1940","5.1384","","0.17%"
"2021-10-17","5.1604","5.2009","5.2106","5.1516","","-0.78%"
"2021-10-10","5.2009","5.1635","5.2127","5.1564","","0.68%"
"2021-10-03","5.1660","5.0946","5.1745","5.0926","","1.40%"
"2021-09-26","5.0946","5.1086","5.1273","5.0586","","-0.27%"
"2021-09-19","5.1086","5.0650","5.1155","5.0128","","0.90%"
"2021-09-12","5.0630","5.0788","5.1120","5.0611","","-0.27%"
"2021-09-05","5.0768","5.1515","5.1571","5.0596","","-1.42%"
"2021-08-29","5.1499","5.1264","5.1611","5.1014","","0.51%"
"2021-08-22","5.1236","5.0700","5.1475","5.0617","","1.07%"
"2021-08-15","5.0692","5.1740","5.1765","5.0159","","-2.03%"
"2021-08-08","5.1744","5.1641","5.1876","5.1472","","0.22%"
"2021-08-01","5.1629","5.1766","5.1887","5.1399","","-0.32%"
"2021-07-25","5.1795","5.1582","5.2011","5.1475","","0.41%"
"2021-07-18","5.1582","5.1368","5.1628","5.0632","","0.42%"
"2021-07-11","5.1364","5.2064","5.2064","5.1180","","-1.30%"
"2021-07-04","5.2039","5.2529","5.2572","5.1484","","-0.92%"
"2021-06-27","5.2520","5.2497","5.2584","5.1953","","0.07%"
"2021-06-20","5.2484","5.1757","5.2838","5.1740","","1.40%"
"2021-06-13","5.1761","5.2648","5.2777","5.1690","","-1.61%"
"2021-06-06","5.2609","5.2948","5.3055","5.2518","","-0.57%"
"2021-05-30","5.2908","5.2745","5.3138","5.2621","","0.32%"
"2021-05-23","5.2741","5.3336","5.3365","5.2516","","-1.06%"
"2021-05-16","5.3305","5.3196","5.3503","5.2978","","0.25%"
"2021-05-09","5.3170","5.2895","5.3466","5.2838","","0.32%"
"2021-05-02","5.3000","5.2665","5.3209","5.2396","","0.65%"
"2021-04-25","5.2656","5.2027","5.2742","5.1984","","1.16%"
"2021-04-18","5.2052","5.2183","5.2209","5.1324","","-0.15%"
"2021-04-11","5.2129","5.2271","5.2321","5.1841","","-0.28%"
"2021-04-04","5.2275","5.2191","5.2513","5.1759","","0.18%"
"2021-03-28","5.2179","5.2013","5.2412","5.1818","","0.33%"
"2021-03-21","5.2005","5.2044","5.2157","5.1699","","-0.09%"
"2021-03-14","5.2052","5.2178","5.2541","5.1882","","-0.22%"
"2021-03-07","5.2169","5.1299","5.2228","5.1275","","1.66%"
"2021-02-28","5.1315","5.0872","5.1447","5.0801","","1.02%"
"2021-02-21","5.0797","5.1133","5.1775","5.0757","","-0.74%"
"2021-02-14","5.1177","5.0836","5.1259","5.0629","","0.69%"
"2021-02-07","5.0828","5.0641","5.0981","5.0390","","0.26%"
"2021-01-31","5.0697","5.0278","5.0713","5.0109","","0.85%"
"2021-01-24","5.0270","5.0947","5.1046","5.0070","","-1.19%"
"2021-01-17","5.0875","5.0879","5.1307","5.0671","","0.00%"
"2021-01-10","5.0875","5.1012","5.1276","5.0485","","-0.32%"
"2021-01-03","5.1036","5.1273","5.1317","5.0435","","-0.42%"
"2020-12-27","5.1253","5.0830","5.1442","5.0738","","0.86%"
"2020-12-20","5.0818","5.1025","5.1110","5.0567","","-0.56%"
"2020-12-13","5.1105","5.1233","5.1535","5.1049","","-0.26%"
"2020-12-06","5.1237","5.1088","5.1495","5.0910","","0.32%"
"2020-11-29","5.1076","5.0599","5.1128","5.0538","","0.96%"
"2020-11-22","5.0591","5.0109","5.0731","5.0090","","1.02%"
"2020-11-15","5.0082","5.0258","5.0409","4.9918","","-0.39%"
"2020-11-08","5.0277","5.0570","5.1218","5.0124","","-0.64%"
"2020-11-01","5.0601","5.0247","5.0981","5.0044","","0.73%"
"2020-10-25","5.0236","5.0874","5.1015","5.0093","","-1.36%"
"2020-10-18","5.0928","5.0748","5.0945","5.0459","","0.32%"
"2020-10-11","5.0767","5.0969","5.1482","5.0635","","-0.47%"
"2020-10-04","5.1008","5.1036","5.1516","5.0818","","0.01%"
"2020-09-27","5.1005","5.0956","5.1174","5.0729","","0.10%"
"2020-09-20","5.0956","5.1296","5.1362","5.0806","","-0.56%"
"2020-09-13","5.1242","5.1808","5.1926","5.1081","","-1.18%"
"2020-09-06","5.1852","5.2401","5.2409","5.1610","","-0.99%"
"2020-08-30","5.2373","5.2386","5.2591","5.1990","","-0.05%"
"2020-08-23","5.2398","5.2460","5.2634","5.2188","","-0.18%"
"2020-08-16","5.2492","5.2418","5.2631","5.2258","","0.22%"
"2020-08-09","5.2378","5.2070","5.2635","5.1992","","0.64%"
"2020-08-02","5.2047","5.2036","5.2488","5.1886","","0.13%"
"2020-07-26","5.1982","5.2222","5.2512","5.1882","","-0.58%"
"2020-07-19","5.2285","5.1485","5.2456","5.1391","","1.56%"
"2020-07-12","5.1482","5.1486","5.1837","5.1339","","0.01%"
"2020-07-05","5.1478","5.2137","5.2175","5.1354","","-1.29%"
"2020-06-28","5.2152","5.1748","5.2164","5.1610","","0.90%"
"2020-06-21","5.1687","5.1987","5.2377","5.1589","","-0.53%"
"2020-06-14","5.1960","5.2082","5.2460","5.1834","","-0.28%"
"2020-06-07","5.2108","5.2732","5.3022","5.1679","","-1.18%"
"2020-05-31","5.2732","5.1761","5.2915","5.1686","","1.79%"
"2020-05-24","5.1803","5.0910","5.2170","5.0885","","1.78%"
"2020-05-17","5.0899","5.0353","5.1190","5.0292","","1.15%"
"2020-05-10","5.0321","5.0744","5.0927","5.0185","","-0.90%"
"2020-05-03","5.0780","5.0161","5.0862","4.9881","","1.33%"
"2020-04-26","5.0115","5.0190","5.0998","5.0030","","-0.17%"
"2020-04-19","5.0201","5.0475","5.0475","4.9702","","-0.59%"
"2020-04-12","5.0501","5.0434","5.0881","4.9896","","0.23%"
"2020-04-05","5.0387","4.9946","5.0540","4.9711","","0.93%"
"2020-03-29","4.9921","5.0695","5.0698","4.9355","","-1.61%"
"2020-03-22","5.0738","4.9439","5.0957","4.8586","","2.74%"
"2020-03-15","4.9384","5.0611","5.0991","4.8078","","-2.65%"
"2020-03-08","5.0729","5.1469","5.1473","5.0033","","-1.72%"
"2020-03-01","5.1615","5.2118","5.2324","5.1521","","-1.05%"
"2020-02-23","5.2165","5.3019","5.3079","5.1861","","-1.77%"
"2020-02-16","5.3107","5.2712","5.3215","5.2651","","0.75%"
"2020-02-09","5.2712","5.2610","5.2784","5.2345","","0.24%"
"2020-02-02","5.2586","5.2398","5.3044","5.2325","","0.35%"
"2020-01-26","5.2402","5.2768","5.2768","5.2326","","-0.69%"
"2020-01-19","5.2768","5.2498","5.2938","5.2345","","0.51%"
"2020-01-12","5.2502","5.2998","5.3014","5.2446","","-0.94%"
"2020-01-05","5.2998","5.3634","5.3819","5.2875","","-1.06%"
"2019-12-29","5.3564","5.3498","5.3814","5.3306","","0.15%"
"2019-12-22","5.3482","5.3280","5.3547","5.2999","","0.38%"
"2019-12-15","5.3280","5.3024","5.3456","5.2963","","0.46%"
"2019-12-08","5.3036","5.3061","5.3475","5.2864","","-0.04%"
"2019-12-01","5.3057","5.2939","5.3527","5.2860","","0.21%"
"2019-11-24","5.2947","5.2916","5.3003","5.2768","","0.06%"
"2019-11-17","5.2916","5.2987","5.3598","5.2719","","-0.13%"
"2019-11-10","5.2987","5.2907","5.3057","5.2818","","0.20%"
"2019-11-03","5.2879","5.3573","5.3589","5.2785","","-1.27%"
"2019-10-27","5.3557","5.4078","5.4175","5.3350","","-0.99%"
"2019-10-20","5.4094","5.3934","5.4168","5.3781","","0.30%"
"2019-10-13","5.3934","5.3688","5.3971","5.3342","","0.46%"
"2019-10-06","5.3688","5.3682","5.3819","5.3322","","0.02%"
"2019-09-29","5.3678","5.3758","5.4129","5.3541","","-0.15%"
"2019-09-22","5.3758","5.3488","5.3885","5.3403","","0.55%"
"2019-09-15","5.3464","5.3496","5.3586","5.3218","","0.40%"
"2019-09-08","5.3251","5.3998","5.4197","5.3239","","-1.37%"
"2019-09-01","5.3993","5.3735","5.4178","5.3587","","0.48%"
"2019-08-25","5.3735","5.3345","5.4154","5.3245","","0.65%"
"2019-08-18","5.3386","5.3050","5.3418","5.2848","","0.64%"
"2019-08-11","5.3046","5.3381","5.3483","5.2677","","-0.66%"
"2019-08-04","5.3398","5.2526","5.3511","5.2494","","1.64%"
"2019-07-28","5.2534","5.2229","5.2570","5.2063","","0.56%"
"2019-07-21","5.2240","5.2665","5.2773","5.2091","","-0.82%"
"2019-07-14","5.2673","5.2766","5.2849","5.2458","","-0.21%"
"2019-07-07","5.2786","5.2723","5.2828","5.2261","","0.19%"
"2019-06-30","5.2687","5.2449","5.2764","5.2118","","0.49%"
"2019-06-23","5.2429","5.1965","5.2592","5.1954","","0.95%"
"2019-06-16","5.1936","5.1662","5.2192","5.1513","","0.61%"
"2019-06-09","5.1619","5.2155","5.2319","5.1590","","-0.81%"
"2019-06-02","5.2040","5.1067","5.2109","5.1037","","1.89%"
"2019-05-26","5.1074","5.1368","5.1445","5.0895","","-0.51%"
"2019-05-19","5.1337","5.1396","5.1705","5.1211","","-0.13%"
"2019-05-12","5.1402","5.0848","5.1509","5.0753","","1.07%"
"2019-05-05","5.0859","5.0132","5.1009","4.9934","","1.37%"
"2019-04-28","5.0173","5.0011","5.0361","4.9919","","0.35%"
"2019-04-21","4.9998","5.0076","5.0342","4.9698","","-0.10%"
"2019-04-14","5.0046","5.0262","5.0466","5.0038","","-0.53%"
"2019-04-07","5.0314","5.0175","5.0541","5.0144","","0.25%"
"2019-03-31","5.0188","5.0262","5.0504","5.0127","","-0.18%"
"2019-03-24","5.0279","5.0018","5.0319","4.9917","","0.56%"
"2019-03-17","5.0001","5.0292","5.0670","4.9974","","-0.67%"
"2019-03-10","5.0337","5.0094","5.0578","4.9998","","0.50%"
"2019-03-03","5.0086","5.0448","5.0523","4.9845","","-0.68%"
"2019-02-24","5.0427","5.1084","5.1150","5.0381","","-1.28%"
"2019-02-17","5.1082","5.1151","5.1219","5.0736","","-0.03%"
"2019-02-10","5.1095","5.0730","5.1298","5.0730","","0.63%"
"2019-02-03","5.0773","5.1384","5.1548","5.0599","","-1.34%"
"2019-01-27","5.1462","5.1046","5.1621","5.0587","","0.87%"
"2019-01-20","5.1020","5.1168","5.1238","5.0686","","-0.16%"
"2019-01-13","5.1101","5.0995","5.1229","5.0796","","0.30%"
"2019-01-06","5.0947","5.1357","5.1765","5.0926","","-0.75%"
"2018-12-30","5.1333","5.0462","5.1374","5.0187","","1.84%"
"2018-12-23","5.0407","5.0788","5.0914","5.0256","","-0.70%"
"2018-12-16","5.0763","5.1623","5.1656","5.0768","","-1.58%"
"2018-12-09","5.1580","5.1611","5.1961","5.1384","","-0.02%"
"2018-12-02","5.1590","5.2501","5.2596","5.1165","","-1.36%"
"2018-11-25","5.2303","5.2511","5.2622","5.2046","","-0.33%"
"2018-11-18","5.2475","5.2776","5.2804","5.2088","","-0.53%"
"2018-11-11","5.2755","5.2721","5.2860","5.2396","","0.22%"
"2018-11-04","5.2640","5.2581","5.3012","5.2569","","0.18%"
"2018-10-28","5.2547","5.2972","5.3221","5.2516","","-0.78%"
"2018-10-21","5.2960","5.2913","5.3549","5.2787","","0.13%"
"2018-10-14","5.2890","5.3158","5.3530","5.2764","","-0.43%"
"2018-10-07","5.3119","5.3068","5.3540","5.2717","","0.07%"
"2018-09-30","5.3080","5.3239","5.3747","5.3017","","-0.24%"
"2018-09-23","5.3207","5.3096","5.3238","5.2621","","0.24%"
"2018-09-16","5.3077","5.2691","5.3159","5.2480","","0.75%"
"2018-09-09","5.2684","5.1955","5.2864","5.1925","","1.32%"
"2018-09-02","5.1998","5.2393","5.2393","5.1641","","-0.72%"
"2018-08-26","5.2377","5.2247","5.2927","5.2175","","0.31%"
"2018-08-19","5.2214","5.2657","5.2798","5.2201","","-0.78%"
"2018-08-12","5.2626","5.2076","5.2880","5.1963","","1.06%"
"2018-08-05","5.2075","5.2600","5.2821","5.2050","","-0.96%"
"2018-07-29","5.2578","5.2199","5.2906","5.2123","","0.80%"
"2018-07-22","5.2162","5.1535","5.2413","5.1390","","1.40%"
"2018-07-15","5.1440","5.0841","5.1653","5.0652","","1.22%"
"2018-07-08","5.0820","5.0741","5.1090","5.0282","","0.15%"
"2018-07-01","5.0746","5.0382","5.0922","5.0251","","0.72%"
"2018-06-24","5.0381","4.9003","5.0434","4.8903","","2.84%"
"2018-06-17","4.8988","4.8797","4.9071","4.8556","","0.48%"
"2018-06-10","4.8754","4.9387","4.9472","4.8733","","-1.56%"
"2018-06-03","4.9529","4.9574","4.9735","4.9028","","-0.06%"
"2018-05-27","4.9560","4.9275","5.0017","4.9138","","0.62%"
"2018-05-20","4.9255","4.9528","5.0022","4.9201","","-0.48%"
"2018-05-13","4.9494","4.9521","4.9931","4.9318","","-0.01%"
"2018-05-06","4.9498","4.9532","4.9852","4.9000","","0.01%"
"2018-04-29","4.9493","4.9342","4.9696","4.9036","","0.28%"
"2018-04-22","4.9357","4.9363","4.9402","4.9014","","0.06%"
"2018-04-15","4.9326","4.9780","5.0162","4.9307","","-0.79%"
"2018-04-08","4.9719","4.9369","5.0087","4.9239","","0.83%"
"2018-04-01","4.9308","4.8636","4.9527","4.8519","","1.38%"
"2018-03-25","4.8636","4.8990","4.9128","4.8580","","-0.62%"
"2018-03-18","4.8941","4.8372","4.9303","4.8236","","1.28%"
"2018-03-11","4.8324","4.9373","4.9465","4.8300","","-2.15%"
"2018-03-04","4.9384","4.9286","4.9448","4.8648","","0.30%"
"2018-02-25","4.9238","5.0117","5.0159","4.9123","","-1.79%"
"2018-02-18","5.0134","5.0583","5.0678","4.9809","","-0.75%"
"2018-02-11","5.0512","5.0035","5.0999","4.9983","","0.92%"
"2018-02-04","5.0052","5.0693","5.0813","4.9648","","-1.24%"
"2018-01-28","5.0679","5.1315","5.1457","5.0663","","-1.26%"
"2018-01-21","5.1327","5.1286","5.1752","5.1027","","0.19%"
"2018-01-14","5.1229","5.1832","5.2017","5.1195","","-1.21%"
"2018-01-07","5.1856","5.2266","5.2550","5.1424","","-0.80%"
"2017-12-31","5.2272","5.1726","5.2517","5.1715","","1.08%"
"2017-12-24","5.1715","5.1693","5.2042","5.1349","","0.17%"
"2017-12-17","5.1629","5.1337","5.1856","5.1068","","0.50%"
"2017-12-10","5.1374","5.1509","5.1999","5.1267","","-0.30%"
"2017-12-03","5.1529","5.2161","5.2400","5.1403","","-1.17%"
"2017-11-26","5.2138","5.1937","5.2183","5.1218","","0.46%"
"2017-11-19","5.1897","5.1903","5.2081","5.1641","","0.00%"
"2017-11-12","5.1896","5.2361","5.2421","5.1648","","-0.87%"
"2017-11-05","5.2349","5.2010","5.2453","5.1780","","0.70%"
"2017-10-29","5.1986","5.1891","5.2092","5.1185","","0.14%"
"2017-10-22","5.1911","5.2444","5.2621","5.1529","","-0.95%"
"2017-10-15","5.2411","5.2730","5.3243","5.2415","","-0.65%"
"2017-10-08","5.2755","5.3089","5.3123","5.2480","","-0.58%"
"2017-10-01","5.3065","5.3334","5.3458","5.2809","","-0.53%"
"2017-09-24","5.3346","5.3434","5.3863","5.3104","","-0.11%"
"2017-09-17","5.3403","5.3731","5.3921","5.3060","","-0.56%"
"2017-09-10","5.3702","5.3309","5.4067","5.3285","","0.78%"
"2017-09-03","5.3285","5.2889","5.3790","5.2500","","0.78%"
"2017-08-27","5.2873","5.3305","5.3348","5.2109","","-0.71%"
"2017-08-20","5.3249","5.3077","5.3356","5.2857","","0.49%"
"2017-08-13","5.2987","5.2596","5.3137","5.2305","","0.84%"
"2017-08-06","5.2546","5.3197","5.3284","5.2133","","-1.16%"
"2017-07-30","5.3163","5.4128","5.4198","5.3117","","-1.85%"
"2017-07-23","5.4167","5.3969","5.4405","5.3621","","0.40%"
"2017-07-16","5.3953","5.3583","5.4043","5.3222","","0.70%"
"2017-07-09","5.3576","5.2845","5.3600","5.2452","","1.36%"
"2017-07-02","5.2858","5.2301","5.2927","5.2225","","1.06%"
"2017-06-25","5.2303","5.1525","5.2381","5.1449","","1.50%"
"2017-06-18","5.1531","5.1538","5.1799","5.1162","","-0.03%"
"2017-06-11","5.1547","5.0507","5.1616","5.0461","","2.14%"
"2017-06-04","5.0468","5.0467","5.0648","5.0214","","-0.11%"
"2017-05-28","5.0525","5.0979","5.1063","5.0271","","-0.90%"
"2017-05-21","5.0984","5.0934","5.1437","5.0814","","0.07%"
"2017-05-14","5.0948","5.0374","5.0967","5.0271","","1.24%"
"2017-05-07","5.0324","5.0526","5.0621","5.0140","","-0.47%"
"2017-04-30","5.0564","5.0457","5.0606","4.9986","","0.14%"
"2017-04-23","5.0494","5.1177","5.1364","5.0325","","-1.01%"
"2017-04-16","5.1009","5.1678","5.1860","5.0911","","-1.27%"
"2017-04-09","5.1667","5.1481","5.2081","5.1416","","0.38%"
"2017-04-02","5.1472","5.1757","5.1769","5.1170","","-0.48%"
"2017-03-26","5.1722","5.1465","5.1907","5.1240","","0.52%"
"2017-03-19","5.1453","5.1741","5.1918","5.1350","","-0.50%"
"2017-03-12","5.1711","5.1333","5.2078","5.1238","","0.82%"
"2017-03-05","5.1292","5.1588","5.1605","5.1057","","-0.52%"
"2017-02-26","5.1560","5.2394","5.2522","5.1326","","-1.74%"
"2017-02-19","5.2472","5.2408","5.2607","5.2081","","0.10%"
"2017-02-12","5.2420","5.2559","5.2725","5.2304","","-0.31%"
"2017-02-05","5.2582","5.2720","5.2769","5.2099","","-0.32%"
"2017-01-29","5.2750","5.2331","5.3061","5.2244","","0.82%"
"2017-01-22","5.2322","5.1622","5.2760","5.1412","","1.35%"
"2017-01-15","5.1625","5.2639","5.2662","5.1349","","-1.90%"
"2017-01-08","5.2623","5.2271","5.2935","5.2176","","0.65%"
"2017-01-01","5.2285","5.1700","5.2519","5.1619","","1.13%"
"2016-12-25","5.1703","5.1330","5.1826","5.1163","","0.75%"
"2016-12-18","5.1318","5.2186","5.2265","5.1235","","-1.68%"
"2016-12-11","5.2193","5.2529","5.2801","5.1759","","-0.42%"
"2016-12-04","5.2414","5.1798","5.2533","5.1561","","1.18%"
"2016-11-27","5.1802","5.1193","5.1970","5.1120","","1.29%"
"2016-11-20","5.1144","5.1033","5.1509","5.0966","","0.24%"
"2016-11-13","5.1024","5.0407","5.1319","5.0202","","1.44%"
"2016-11-06","5.0301","5.0411","5.1185","4.9958","","-0.21%"
"2016-10-30","5.0407","5.0606","5.0716","5.0183","","-0.37%"
"2016-10-23","5.0595","5.0762","5.1040","5.0463","","-0.28%"
"2016-10-16","5.0736","5.1213","5.1817","5.0662","","-0.92%"
"2016-10-09","5.1208","5.0329","5.1357","5.0281","","2.07%"
"2016-10-02","5.0170","5.0846","5.1056","5.0110","","-1.27%"
"2016-09-25","5.0816","5.0651","5.1174","5.0233","","0.33%"
"2016-09-18","5.0649","5.0497","5.1303","5.0341","","0.25%"
"2016-09-11","5.0522","5.1211","5.1288","5.0365","","-1.29%"
"2016-09-04","5.1181","5.1418","5.2027","5.1152","","-0.42%"
"2016-08-28","5.1396","5.1327","5.1471","5.0803","","0.17%"
"2016-08-21","5.1311","5.1696","5.2005","5.1276","","-0.73%"
"2016-08-14","5.1687","5.1209","5.1966","5.1126","","0.86%"
"2016-08-07","5.1246","5.0509","5.1368","5.0455","","1.38%"
"2016-07-31","5.0550","5.0967","5.1113","5.0420","","-0.71%"
"2016-07-24","5.0914","5.0838","5.1059","5.0313","","0.06%"
"2016-07-17","5.0884","5.1688","5.1875","5.0652","","-1.33%"
"2016-07-10","5.1569","5.1278","5.1974","5.0914","","0.58%"
"2016-07-03","5.1273","5.1525","5.1958","5.1084","","-0.49%"
"2016-06-26","5.1527","5.0979","5.1745","5.0582","","1.20%"
"2016-06-19","5.0914","5.1152","5.1895","5.0512","","-0.35%"
"2016-06-12","5.1093","5.1357","5.1680","5.0379","","-0.45%"
"2016-06-05","5.1325","5.0756","5.1927","5.0542","","1.12%"
"2016-05-29","5.0757","5.0373","5.0838","5.0065","","0.68%"
"2016-05-22","5.0413","4.9949","5.0787","4.9709","","0.94%"
"2016-05-15","4.9943","5.0514","5.0792","4.9745","","-1.05%"
"2016-05-08","5.0473","5.0354","5.1039","5.0068","","0.24%"
"2016-05-01","5.0354","5.1608","5.1970","5.0183","","-2.37%"
"2016-04-24","5.1574","5.1279","5.1902","5.1074","","0.51%"
"2016-04-17","5.1310","5.0027","5.1470","4.9844","","1.60%"
"2016-04-10","5.0502","4.9794","5.0809","4.9673","","1.44%"
"2016-04-03","4.9783","4.9801","4.9946","4.8998","","-0.02%"
"2016-03-27","4.9794","4.9085","5.0182","4.9027","","1.44%"
"2016-03-20","4.9085","4.9761","4.9826","4.8991","","-1.39%"
"2016-03-13","4.9776","4.9181","5.0145","4.8607","","1.23%"
"2016-03-06","4.9171","4.8863","4.9309","4.8414","","0.60%"
"2016-02-28","4.8877","4.8408","4.8947","4.8190","","0.98%"
"2016-02-21","4.8403","4.7381","4.8438","4.7160","","2.16%"
"2016-02-14","4.7379","4.7448","4.7785","4.6844","","-0.20%"
"2016-02-07","4.7475","4.7257","4.7689","4.6900","","0.49%"
"2016-01-31","4.7244","4.7077","4.8251","4.6662","","0.39%"
"2016-01-24","4.7062","4.6601","4.7149","4.5925","","0.98%"
"2016-01-17","4.6604","4.5271","4.6609","4.4775","","2.90%"
"2016-01-10","4.5290","4.6537","4.6726","4.5240","","-2.71%"
"2016-01-03","4.6552","4.6935","4.7130","4.6470","","-0.71%"
"2015-12-27","4.6887","4.6871","4.6989","4.6512","","0.07%"
"2015-12-20","4.6853","4.6498","4.6948","4.6311","","0.88%"
"2015-12-13","4.6445","4.6958","4.7264","4.6293","","-1.03%"
"2015-12-06","4.6929","4.7890","4.7901","4.6919","","-2.03%"
"2015-11-29","4.7903","4.7834","4.8129","4.7707","","0.16%"
"2015-11-22","4.7825","4.7861","4.8117","4.7546","","-0.06%"
"2015-11-15","4.7852","4.7843","4.8202","4.7649","","0.01%"
"2015-11-08","4.7846","4.7748","4.8156","4.7722","","0.21%"
"2015-11-01","4.7744","4.8292","4.8598","4.7694","","-1.17%"
"2015-10-25","4.8311","4.8222","4.8586","4.7826","","0.17%"
"2015-10-18","4.8228","4.9192","4.9306","4.8105","","-1.98%"
"2015-10-11","4.9204","4.8989","4.9470","4.8460","","0.37%"
"2015-10-04","4.9023","4.8308","4.9193","4.8239","","1.42%"
"2015-09-27","4.8338","4.7801","4.8338","4.7275","","1.14%"
"2015-09-20","4.7794","4.8175","4.8335","4.7559","","-0.67%"
"2015-09-13","4.8118","4.8075","4.8923","4.7949","","0.10%"
"2015-09-06","4.8069","4.7871","4.8492","4.7824","","0.46%"
"2015-08-30","4.7847","4.8387","4.8628","4.7699","","-1.13%"
"2015-08-23","4.8392","4.8464","4.8780","4.8021","","-0.12%"
"2015-08-16","4.8452","4.8815","4.9139","4.8434","","-0.78%"
"2015-08-09","4.8835","4.7285","4.9674","4.7105","","3.25%"
"2015-08-02","4.7296","4.7419","4.7586","4.6992","","-0.31%"
"2015-07-26","4.7444","4.7633","4.8278","4.7427","","-0.30%"
"2015-07-19","4.7588","4.7852","4.8071","4.7381","","-0.59%"
"2015-07-12","4.7869","4.9002","4.9014","4.7736","","-2.42%"
"2015-07-05","4.9054","4.9357","4.9417","4.8590","","-0.61%"
"2015-06-28","4.9353","5.0312","5.0465","4.9108","","-2.09%"
"2015-06-21","5.0406","5.0611","5.0826","4.9960","","-0.43%"
"2015-06-14","5.0625","5.0396","5.1197","5.0225","","0.48%"
"2015-06-07","5.0384","4.9852","5.0862","4.9729","","1.03%"
"2015-05-31","4.9869","4.9833","5.0135","4.9342","","0.15%"
"2015-05-24","4.9795","5.0450","5.0522","4.9447","","-1.34%"
"2015-05-17","5.0472","5.1654","5.1688","5.0291","","-2.31%"
"2015-05-10","5.1664","5.1409","5.2032","5.1127","","0.43%"
"2015-05-03","5.1441","5.1023","5.1939","5.0931","","0.85%"
"2015-04-26","5.1007","5.0839","5.1909","5.0789","","0.31%"
"2015-04-19","5.0851","5.0702","5.1180","5.0385","","0.51%"
"2015-04-12","5.0594","4.9366","5.1285","4.9146","","2.40%"
"2015-04-05","4.9408","4.9746","5.0092","4.9025","","-0.41%"
"2015-03-29","4.9611","4.9279","4.9835","4.8491","","0.66%"
"2015-03-22","4.9288","4.9406","5.0053","4.9200","","-0.30%"
"2015-03-15","4.9438","4.8940","4.9949","4.8553","","0.96%"
"2015-03-08","4.8966","4.9614","4.9826","4.8806","","-1.31%"
"2015-03-01","4.9616","5.0228","5.0545","4.9600","","-1.02%"
"2015-02-22","5.0125","4.9918","5.0533","4.9386","","0.39%"
"2015-02-15","4.9929","5.0128","5.0603","4.9778","","-0.40%"
"2015-02-08","5.0127","4.9784","5.0270","4.9162","","0.56%"
"2015-02-01","4.9850","4.9087","5.0664","4.9004","","1.55%"
"2015-01-25","4.9091","5.0045","5.0438","4.8827","","-2.11%"
"2015-01-18","5.0150","5.1822","5.2123","4.9986","","-3.17%"
"2015-01-11","5.1792","5.2337","5.2439","5.1517","","-1.00%"
"2015-01-04","5.2317","5.2671","5.2984","5.2211","","-0.66%"
"2014-12-28","5.2664","5.3469","5.3661","5.2655","","-1.45%"
"2014-12-21","5.3438","5.3636","5.3742","5.3281","","-0.33%"
"2014-12-14","5.3617","5.3418","5.3824","5.3019","","0.38%"
"2014-12-07","5.3416","5.3734","5.4279","5.3370","","-0.65%"
"2014-11-30","5.3768","5.3778","5.4378","5.3579","","-0.09%"
"2014-11-23","5.3819","5.4477","5.4703","5.3673","","-1.32%"
"2014-11-16","5.4538","5.4304","5.4728","5.3862","","0.44%"
"2014-11-09","5.4299","5.4036","5.4424","5.3712","","0.46%"
"2014-11-02","5.4052","5.4255","5.4317","5.3309","","-0.38%"
"2014-10-26","5.4256","5.4429","5.4951","5.3934","","-0.38%"
"2014-10-19","5.4463","5.4337","5.4713","5.4165","","0.29%"
"2014-10-12","5.4303","5.4851","5.4886","5.3792","","-0.81%"
"2014-10-05","5.4744","5.4541","5.5342","5.4482","","0.26%"
"2014-09-28","5.4600","5.4924","5.5454","5.4459","","-0.61%"
"2014-09-21","5.4935","5.6071","5.6193","5.4860","","-1.93%"
"2014-09-14","5.6018","5.5300","5.6410","5.5274","","1.30%"
"2014-09-07","5.5300","5.6407","5.6433","5.5270","","-2.01%"
"2014-08-31","5.6436","5.6485","5.6743","5.6156","","-0.06%"
"2014-08-24","5.6472","5.6148","5.6844","5.5961","","0.50%"
"2014-08-17","5.6193","5.6445","5.6532","5.5919","","-0.40%"
"2014-08-10","5.6420","5.6103","5.6617","5.6057","","0.57%"
"2014-08-03","5.6098","5.6602","5.6668","5.6042","","-0.90%"
"2014-07-27","5.6609","5.7248","5.7325","5.6464","","-1.14%"
"2014-07-20","5.7264","5.7820","5.7908","5.7217","","-1.01%"
"2014-07-13","5.7848","5.7810","5.7979","5.7469","","0.08%"
"2014-07-06","5.7799","5.8231","5.8382","5.7772","","-0.74%"
"2014-06-29","5.8227","5.8305","5.8502","5.7992","","-0.11%"
"2014-06-22","5.8291","5.7822","5.8351","5.7817","","0.75%"
"2014-06-15","5.7857","5.7176","5.7904","5.7164","","1.15%"
"2014-06-08","5.7202","5.7192","5.7364","5.6982","","0.07%"
"2014-06-01","5.7161","5.7611","5.7652","5.7053","","-0.80%"
"2014-05-25","5.7622","5.7374","5.7744","5.7337","","0.36%"
"2014-05-18","5.7416","5.7387","5.7520","5.6955","","0.01%"
"2014-05-11","5.7412","5.7104","5.7438","5.7023","","0.44%"
"2014-05-04","5.7158","5.7005","5.7630","5.6820","","0.21%"
"2014-04-27","5.7040","5.6616","5.7227","5.6593","","0.69%"
"2014-04-20","5.6648","5.6474","5.6792","5.6431","","0.27%"
"2014-04-13","5.6497","5.6677","5.6849","5.6372","","-0.11%"
"2014-04-06","5.6562","5.6584","5.7129","5.6419","","-0.01%"
"2014-03-30","5.6570","5.6146","5.6715","5.6037","","0.72%"
"2014-03-23","5.6163","5.5475","5.6466","5.5087","","1.24%"
"2014-03-16","5.5475","5.5409","5.6166","5.4950","","0.16%"
"2014-03-09","5.5385","5.5302","5.5579","5.5093","","0.20%"
"2014-03-02","5.5274","5.5597","5.5861","5.5180","","-0.47%"
"2014-02-23","5.5534","5.4812","5.5659","5.4695","","1.29%"
"2014-02-16","5.4826","5.5196","5.5704","5.4478","","-0.79%"
"2014-02-09","5.5261","5.4942","5.5463","5.4626","","0.55%"
"2014-02-02","5.4959","5.4425","5.5290","5.4411","","0.91%"
"2014-01-26","5.4461","5.4584","5.4848","5.3995","","-0.16%"
"2014-01-19","5.4550","5.5175","5.5382","5.4145","","-1.17%"
"2014-01-12","5.5193","5.5565","5.5746","5.5000","","-0.65%"
"2014-01-05","5.5552","5.6902","5.7078","5.5294","","-2.37%"
"2013-12-29","5.6899","5.6726","5.7167","5.6540","","0.38%"
"2013-12-22","5.6684","5.7066","5.7382","5.6616","","-0.70%"
"2013-12-15","5.7085","5.7344","5.8000","5.6533","","-0.47%"
"2013-12-08","5.7355","5.7184","5.7507","5.6903","","0.30%"
"2013-12-01","5.7181","5.7405","5.7891","5.6802","","-0.38%"
"2013-11-24","5.7400","5.7941","5.8117","5.7318","","-0.96%"
"2013-11-17","5.7954","5.8346","5.8503","5.7642","","-0.69%"
"2013-11-10","5.8357","5.8090","5.8385","5.7869","","0.41%"
"2013-11-03","5.8118","5.8517","5.8656","5.7980","","-0.70%"
"2013-10-27","5.8528","5.8223","5.8601","5.8050","","0.52%"
"2013-10-20","5.8228","5.9207","5.9328","5.8151","","-1.76%"
"2013-10-13","5.9270","5.9117","5.9334","5.8713","","0.23%"
"2013-10-06","5.9136","5.9483","5.9506","5.8728","","-0.54%"
"2013-09-29","5.9458","5.9391","5.9579","5.9096","","0.13%"
"2013-09-22","5.9379","5.9438","5.9621","5.9199","","-0.04%"
"2013-09-15","5.9403","5.9093","6.0115","5.9059","","0.49%"
"2013-09-08","5.9111","5.8803","5.9376","5.8712","","0.48%"
"2013-09-01","5.8826","5.8159","5.8967","5.7942","","1.30%"
"2013-08-25","5.8073","5.8301","5.8475","5.7964","","-0.42%"
"2013-08-18","5.8320","5.9164","5.9352","5.7907","","-1.42%"
"2013-08-11","5.9159","5.9477","5.9551","5.8972","","-0.58%"
"2013-08-04","5.9502","5.9025","5.9589","5.8578","","0.84%"
"2013-07-28","5.9008","5.9645","5.9826","5.8918","","-1.05%"
"2013-07-21","5.9632","5.9196","5.9835","5.9179","","0.72%"
"2013-07-14","5.9203","5.9057","5.9289","5.8752","","0.27%"
"2013-07-07","5.9046","5.8022","5.9419","5.7902","","1.85%"
"2013-06-30","5.7972","5.8367","5.8511","5.7797","","-0.64%"
"2013-06-23","5.8345","5.8663","5.9008","5.8146","","-0.53%"
"2013-06-16","5.8654","6.0274","6.0404","5.8468","","-2.71%"
"2013-06-09","6.0286","6.0077","6.0506","5.9814","","0.22%"
"2013-06-02","6.0153","5.9168","6.0343","5.9010","","1.76%"
"2013-05-26","5.9113","5.9427","5.9602","5.8751","","-0.52%"
"2013-05-19","5.9423","5.9708","6.0089","5.8967","","-0.54%"
"2013-05-12","5.9743","6.0825","6.0988","5.9529","","-1.76%"
"2013-05-05","6.0811","6.1036","6.1322","6.0478","","-0.42%"
"2013-04-28","6.1065","6.0587","6.1345","6.0581","","0.72%"
"2013-04-21","6.0629","6.0206","6.0706","6.0043","","0.75%"
"2013-04-14","6.0175","6.1029","6.1121","5.9946","","-1.51%"
"2013-04-07","6.1100","6.0949","6.1462","6.0708","","0.26%"
"2013-03-31","6.0940","6.1002","6.1386","6.0563","","-0.19%"
"2013-03-24","6.1055","6.0717","6.1254","6.0664","","0.55%"
"2013-03-17","6.0719","6.0760","6.0919","6.0420","","-0.40%"
"2013-03-10","6.0965","6.0429","6.1018","6.0339","","0.94%"
"2013-03-03","6.0398","6.0561","6.0758","6.0134","","-0.33%"
"2013-02-24","6.0599","6.0956","6.1013","6.0151","","-0.74%"
"2013-02-17","6.1051","6.1853","6.2070","6.0772","","-1.40%"
"2013-02-10","6.1919","6.2149","6.2352","6.1767","","-0.38%"
"2013-02-03","6.2157","6.2467","6.2770","6.2087","","-0.50%"
"2013-01-27","6.2468","6.1801","6.2512","6.1590","","1.03%"
"2013-01-20","6.1834","6.2653","6.2814","6.1569","","-1.32%"
"2013-01-13","6.2662","6.3128","6.3274","6.2464","","-0.77%"
"2013-01-06","6.3149","6.3136","6.3317","6.2957","","0.04%"
"2012-12-30","6.3122","6.2526","6.3338","6.2463","","0.98%"
"2012-12-23","6.2511","6.2673","6.2947","6.2488","","-0.32%"
"2012-12-16","6.2713","6.3245","6.3434","6.2559","","-0.95%"
"2012-12-09","6.3314","6.3094","6.3640","6.2801","","0.55%"
"2012-12-02","6.2965","6.2660","6.3162","6.2517","","0.51%"
"2012-11-25","6.2646","6.2727","6.2814","6.2478","","-0.17%"
"2012-11-18","6.2751","6.2292","6.2801","6.2223","","0.73%"
"2012-11-11","6.2294","6.2444","6.2483","6.1965","","-0.12%"
"2012-11-04","6.2371","6.2714","6.3221","6.2220","","-0.48%"
"2012-10-28","6.2672","6.2580","6.2925","6.2260","","-0.02%"
"2012-10-21","6.2682","6.2854","6.3212","6.2492","","-0.42%"
"2012-10-14","6.2947","6.4008","6.4194","6.2891","","-1.57%"
"2012-10-07","6.3954","6.4254","6.4520","6.3810","","-0.40%"
"2012-09-30","6.4213","6.3869","6.4575","6.3545","","0.48%"
"2012-09-23","6.3906","6.4549","6.4619","6.3759","","-1.03%"
"2012-09-16","6.4574","6.5064","6.5171","6.4191","","-0.66%"
"2012-09-09","6.5005","6.4848","6.5545","6.4691","","0.28%"
"2012-09-02","6.4822","6.4301","6.4962","6.3968","","0.72%"
"2012-08-26","6.4357","6.4061","6.4562","6.3903","","0.51%"
"2012-08-19","6.4030","6.4268","6.4600","6.3828","","-0.38%"
"2012-08-12","6.4277","6.4157","6.4585","6.3957","","0.16%"
"2012-08-05","6.4175","6.3600","6.4227","6.3552","","0.82%"
"2012-07-29","6.3651","6.3527","6.3862","6.3108","","0.07%"
"2012-07-22","6.3605","6.2829","6.3624","6.2385","","1.05%"
"2012-07-15","6.2944","6.2908","6.3328","6.2642","","0.10%"
"2012-07-08","6.2883","6.2404","6.2990","6.2154","","0.72%"
"2012-07-01","6.2436","6.2486","6.2943","6.2207","","-0.10%"
"2012-06-24","6.2496","6.2025","6.2521","6.1331","","0.58%"
"2012-06-17","6.2136","6.2352","6.2616","6.1766","","-0.26%"
"2012-06-10","6.2301","6.2309","6.2430","6.1654","","0.38%"
"2012-06-03","6.2067","6.1246","6.2338","6.0940","","1.40%"
"2012-05-27","6.1213","6.1765","6.2186","6.0971","","-0.68%"
"2012-05-20","6.1632","6.1936","6.2291","6.1506","","-0.45%"
"2012-05-13","6.1908","6.2958","6.3257","6.1847","","-1.81%"
"2012-05-06","6.3052","6.3353","6.3569","6.2677","","-0.46%"
"2012-04-29","6.3345","6.4302","6.4379","6.3269","","-1.57%"
"2012-04-22","6.4354","6.3535","6.4400","6.3192","","1.16%"
"2012-04-15","6.3614","6.3057","6.3892","6.2864","","0.88%"
"2012-04-08","6.3060","6.3197","6.3501","6.2747","","-0.28%"
"2012-04-01","6.3240","6.3228","6.3735","6.3016","","0.20%"
"2012-03-25","6.3112","6.3140","6.3757","6.2912","","-0.10%"
"2012-03-18","6.3178","6.3761","6.4151","6.2801","","-0.90%"
"2012-03-11","6.3750","6.3673","6.4169","6.3545","","0.12%"
"2012-03-04","6.3674","6.3635","6.3939","6.2871","","-0.01%"
"2012-02-26","6.3681","6.3026","6.4038","6.2681","","1.08%"
"2012-02-19","6.3000","6.3384","6.3600","6.2816","","-0.38%"
"2012-02-12","6.3239","6.2921","6.3416","6.2664","","0.62%"
"2012-02-05","6.2850","6.3356","6.3488","6.2720","","-0.93%"
"2012-01-29","6.3442","6.3216","6.3531","6.2716","","0.27%"
"2012-01-22","6.3274","6.2425","6.3464","6.2296","","1.16%"
"2012-01-15","6.2546","6.1551","6.2714","6.1485","","1.41%"
"2012-01-08","6.1675","6.1340","6.2328","6.1174","","0.47%"
"2012-01-01","6.1387","6.1626","6.2512","6.1322","","-0.57%"
"2011-12-25","6.1739","6.2036","6.2433","6.1530","","-0.65%"
"2011-12-18","6.2145","6.1214","6.2279","6.0945","","1.61%"
"2011-12-11","6.1160","6.2448","6.2494","6.0973","","-2.12%"
"2011-12-04","6.2482","6.2558","6.3305","6.1987","","0.09%"
"2011-11-27","6.2426","6.1107","6.3151","6.1037","","2.61%"
"2011-11-20","6.0840","6.1846","6.1900","6.0537","","-1.70%"
"2011-11-13","6.1894","6.2869","6.2918","6.1649","","-1.17%"
"2011-11-06","6.2625","6.2334","6.3012","6.1814","","0.63%"
"2011-10-30","6.2234","6.4018","6.4131","6.1961","","-2.92%"
"2011-10-23","6.4103","6.3204","6.4311","6.2260","","1.12%"
"2011-10-16","6.3391","6.3115","6.3434","6.2137","","0.34%"
"2011-10-09","6.3177","6.1370","6.3202","6.1346","","3.02%"
"2011-10-02","6.1325","6.0824","6.2295","5.9793","","0.90%"
"2011-09-25","6.0780","6.2136","6.3122","6.0702","","-2.18%"
"2011-09-18","6.2137","6.5049","6.5171","6.1630","","-4.81%"
"2011-09-11","6.5279","6.4014","6.5279","6.3686","","1.84%"
"2011-09-04","6.4100","6.4720","6.5008","6.3989","","-1.02%"
"2011-08-28","6.4759","6.5076","6.5603","6.4713","","-0.48%"
"2011-08-21","6.5073","6.4451","6.5267","6.4326","","0.80%"
"2011-08-14","6.4558","6.4627","6.5355","6.4247","","-0.27%"
"2011-08-07","6.4736","6.5595","6.5847","6.4115","","-1.34%"
"2011-07-31","6.5617","6.7343","6.7787","6.5335","","-2.62%"
"2011-07-24","6.7385","6.7971","6.8475","6.7084","","-0.90%"
"2011-07-17","6.8000","6.7719","6.8495","6.7113","","0.35%"
"2011-07-10","6.7761","6.7185","6.7874","6.6171","","0.79%"
"2011-07-03","6.7230","6.7367","6.7583","6.6687","","-0.30%"
"2011-06-26","6.7429","6.5559","6.7499","6.5267","","2.93%"
"2011-06-19","6.5507","6.5926","6.6640","6.5447","","-0.85%"
"2011-06-12","6.6068","6.6150","6.7052","6.5387","","-0.10%"
"2011-06-05","6.6133","6.6242","6.6740","6.5908","","-0.17%"
"2011-05-29","6.6247","6.6387","6.7112","6.5743","","-0.40%"
"2011-05-22","6.6513","6.6657","6.6714","6.6107","","-0.22%"
"2011-05-15","6.6660","6.7042","6.7387","6.6399","","-0.67%"
"2011-05-08","6.7107","6.7210","6.8282","6.6657","","-0.16%"
"2011-05-01","6.7214","6.8634","6.8745","6.6828","","-2.19%"
"2011-04-24","6.8721","6.8312","6.8779","6.7917","","0.84%"
"2011-04-17","6.8149","6.8060","6.8866","6.7132","","0.13%"
"2011-04-10","6.8059","6.8386","6.8541","6.7518","","-0.47%"
"2011-04-03","6.8379","6.7887","6.8616","6.7433","","0.62%"
"2011-03-27","6.7955","6.6770","6.8033","6.6713","","1.65%"
"2011-03-20","6.6854","6.6662","6.7423","6.6594","","0.17%"
"2011-03-13","6.6738","6.7656","6.7664","6.5882","","-1.35%"
"2011-03-06","6.7653","6.7458","6.7907","6.7044","","0.12%"
"2011-02-27","6.7574","6.7159","6.7856","6.7102","","0.48%"
"2011-02-20","6.7250","6.6658","6.7271","6.5986","","0.90%"
"2011-02-13","6.6652","6.6583","6.7100","6.6496","","-0.12%"
"2011-02-06","6.6733","6.6269","6.6875","6.5651","","0.50%"
"2011-01-30","6.6399","6.5714","6.6709","6.5616","","0.94%"
"2011-01-23","6.5778","6.6215","6.6455","6.5681","","-0.68%"
"2011-01-16","6.6229","6.6656","6.6977","6.5629","","-0.52%"
"2011-01-09","6.6574","6.6703","6.7080","6.6020","","-0.36%"
"2011-01-02","6.6817","6.6225","6.7012","6.5673","","1.10%"
"2010-12-26","6.6091","6.5711","6.6445","6.5508","","0.52%"
"2010-12-19","6.5751","6.5710","6.6097","6.5204","","0.10%"
"2010-12-12","6.5688","6.5865","6.6544","6.5568","","-0.33%"
"2010-12-05","6.5904","6.6336","6.6487","6.5602","","-0.71%"
"2010-11-28","6.6374","6.5573","6.6640","6.4776","","1.56%"
"2010-11-21","6.5356","6.5295","6.6086","6.4699","","0.19%"
"2010-11-14","6.5230","6.5588","6.6073","6.4700","","-0.83%"
"2010-11-07","6.5778","6.6503","6.6733","6.5412","","-1.13%"
"2010-10-31","6.6528","6.5431","6.6628","6.5400","","1.61%"
"2010-10-24","6.5473","6.4896","6.5682","6.4590","","0.88%"
"2010-10-17","6.4905","6.5566","6.5640","6.4042","","-1.29%"
"2010-10-10","6.5755","6.5991","6.6686","6.5469","","-0.38%"
"2010-10-03","6.6004","6.5603","6.6494","6.4753","","0.65%"
"2010-09-26","6.5579","6.5432","6.5676","6.4288","","0.20%"
"2010-09-19","6.5446","6.5063","6.5773","6.4568","","0.60%"
"2010-09-12","6.5058","6.5445","6.6024","6.4925","","-0.33%"
"2010-09-05","6.5272","6.5430","6.5848","6.4659","","-0.30%"
"2010-08-29","6.5471","6.4759","6.5521","6.3753","","1.24%"
"2010-08-22","6.4666","6.4685","6.5110","6.3710","","-0.23%"
"2010-08-15","6.4813","6.5230","6.6271","6.4562","","-0.58%"
"2010-08-08","6.5193","6.5862","6.6019","6.4576","","-1.02%"
"2010-08-01","6.5862","6.5794","6.7001","6.5645","","0.12%"
"2010-07-25","6.5783","6.5283","6.6116","6.5187","","0.53%"
"2010-07-18","6.5438","6.4066","6.5531","6.3987","","2.16%"
"2010-07-11","6.4053","6.5588","6.5920","6.4000","","-2.29%"
"2010-07-04","6.5556","6.3702","6.5785","6.3429","","2.88%"
"2010-06-27","6.3718","6.5564","6.5858","6.3440","","-2.85%"
"2010-06-20","6.5584","6.6942","6.7178","6.4931","","-1.86%"
"2010-06-13","6.6825","6.6003","6.6897","6.5917","","1.01%"
"2010-06-06","6.6156","6.4342","6.6405","6.3926","","2.94%"
"2010-05-30","6.4267","6.4898","6.6078","6.4227","","-0.83%"
"2010-05-23","6.4805","6.4192","6.5407","6.2924","","0.56%"
"2010-05-16","6.4444","6.5904","6.6643","6.3476","","-2.27%"
"2010-05-09","6.5943","6.6118","6.7553","6.5648","","0.73%"
"2010-05-02","6.5465","6.7133","6.7561","6.3526","","-2.40%"
"2010-04-25","6.7075","6.8331","6.8503","6.6907","","-1.79%"
"2010-04-18","6.8299","6.7198","6.8752","6.6799","","1.32%"
"2010-04-11","6.7409","6.7815","6.8579","6.7132","","-0.93%"
"2010-04-04","6.8040","6.7653","6.8410","6.7504","","0.81%"
"2010-03-28","6.7490","6.6565","6.7813","6.6429","","1.54%"
"2010-03-21","6.6466","6.7170","6.7272","6.6236","","-0.95%"
"2010-03-14","6.7105","6.7080","6.7845","6.6692","","0.13%"
"2010-03-07","6.7020","6.6343","6.7205","6.6117","","1.16%"
"2010-02-28","6.6251","6.4700","6.6561","6.4539","","2.18%"
"2010-02-21","6.4837","6.5752","6.5832","6.3902","","-1.27%"
"2010-02-14","6.5673","6.4961","6.5743","6.4822","","1.04%"
"2010-02-07","6.4996","6.3862","6.5215","6.3331","","1.72%"
"2010-01-31","6.3898","6.3754","6.4740","6.3294","","0.13%"
"2010-01-24","6.3814","6.4521","6.4820","6.3784","","-1.11%"
"2010-01-17","6.4531","6.6229","6.6631","6.4369","","-2.74%"
"2010-01-10","6.6346","6.6395","6.6776","6.5528","","0.10%"
"2010-01-03","6.6281","6.4885","6.6337","6.4885","","2.14%"
"2009-12-27","6.4892","6.5002","6.5897","6.4496","","-0.20%"
"2009-12-20","6.5020","6.4010","6.5345","6.3793","","1.53%"
"2009-12-13","6.4038","6.4356","6.4712","6.3522","","-0.57%"
"2009-12-06","6.4402","6.4604","6.5147","6.3964","","-0.24%"
"2009-11-29","6.4554","6.4489","6.5605","6.4258","","0.44%"
"2009-11-22","6.4270","6.3763","6.5392","6.3497","","0.71%"
"2009-11-15","6.3820","6.4738","6.5471","6.3591","","-1.80%"
"2009-11-08","6.4991","6.3669","6.5527","6.3492","","2.28%"
"2009-11-01","6.3543","6.2916","6.4447","6.2789","","0.95%"
"2009-10-25","6.2947","6.4831","6.5016","6.2905","","-2.87%"
"2009-10-18","6.4808","6.5666","6.6492","6.4487","","-1.59%"
"2009-10-11","6.5854","6.5428","6.6890","6.5268","","0.59%"
"2009-10-04","6.5470","6.3134","6.5565","6.3046","","3.54%"
"2009-09-27","6.3229","6.2567","6.3981","6.2090","","1.05%"
"2009-09-20","6.2575","6.3786","6.4060","6.2145","","-2.03%"
"2009-09-13","6.3871","6.3381","6.4460","6.2472","","0.71%"
"2009-09-06","6.3418","6.2839","6.3973","6.2740","","1.05%"
"2009-08-30","6.2759","6.2552","6.3101","6.1505","","0.31%"
"2009-08-23","6.2567","6.3259","6.3738","6.1970","","-0.98%"
"2009-08-16","6.3186","6.2134","6.3473","6.1423","","1.54%"
"2009-08-09","6.2230","6.3063","6.3321","6.1690","","-1.50%"
"2009-08-02","6.3178","6.3399","6.4243","6.2848","","-0.32%"
"2009-07-26","6.3380","6.2944","6.3551","6.2461","","0.83%"
"2009-07-19","6.2861","6.1220","6.3280","6.1209","","2.46%"
"2009-07-12","6.1354","5.8774","6.1464","5.8533","","4.51%"
"2009-07-05","5.8708","5.8775","5.9198","5.8256","","-0.26%"
"2009-06-28","5.8863","5.9258","5.9747","5.8598","","-0.71%"
"2009-06-21","5.9285","6.0213","6.0305","5.8706","","-1.53%"
"2009-06-14","6.0208","6.1023","6.1137","5.9696","","-1.44%"
"2009-06-07","6.1087","6.0943","6.2461","6.0537","","0.05%"
"2009-05-31","6.1056","6.2589","6.3313","6.0948","","-2.47%"
"2009-05-24","6.2601","6.0841","6.2699","6.0107","","2.73%"
"2009-05-17","6.0940","5.7880","6.0989","5.7747","","5.18%"
"2009-05-10","5.7940","5.9324","5.9437","5.7787","","-2.32%"
"2009-05-03","5.9317","5.7444","5.9354","5.7316","","3.12%"
"2009-04-26","5.7523","5.6330","5.7630","5.5637","","1.91%"
"2009-04-19","5.6443","5.6304","5.6541","5.4564","","0.27%"
"2009-04-12","5.6289","5.5764","5.7014","5.5553","","1.00%"
"2009-04-05","5.5729","5.5577","5.5967","5.4746","","0.27%"
"2009-03-29","5.5579","5.5040","5.5588","5.3718","","1.06%"
"2009-03-22","5.4995","5.5080","5.6016","5.4876","","-0.02%"
"2009-03-15","5.5007","5.3707","5.5978","5.3459","","2.33%"
"2009-03-08","5.3753","5.3209","5.4162","5.2340","","1.19%"
"2009-03-01","5.3120","5.3534","5.3826","5.2711","","-1.15%"
"2009-02-22","5.3739","5.4659","5.5295","5.3702","","-1.69%"
"2009-02-15","5.4663","5.5128","5.5203","5.3925","","-1.33%"
"2009-02-08","5.5400","5.5905","5.6336","5.4449","","-0.69%"
"2009-02-01","5.5784","5.5646","5.5893","5.4479","","0.14%"
"2009-01-25","5.5707","5.5486","5.6876","5.5062","","0.27%"
"2009-01-18","5.5556","5.4981","5.5741","5.3557","","1.43%"
"2009-01-11","5.4772","5.7553","5.7621","5.3927","","-4.76%"
"2009-01-04","5.7511","5.6538","5.8125","5.5864","","2.42%"
"2008-12-28","5.6150","5.5949","5.6725","5.5194","","0.30%"
"2008-12-21","5.5980","5.6288","5.7395","5.5838","","-0.06%"
"2008-12-14","5.6011","5.4881","5.7721","5.4857","","2.28%"
"2008-12-07","5.4764","5.4062","5.6375","5.3884","","1.16%"
"2008-11-30","5.4138","5.5164","5.5945","5.2836","","-1.99%"
"2008-11-23","5.5237","5.3874","5.6265","5.3428","","3.19%"
"2008-11-16","5.3528","5.5073","5.6415","5.2583","","-3.66%"
"2008-11-09","5.5561","5.7961","5.8549","5.4846","","-3.20%"
"2008-11-02","5.7400","5.6521","5.9593","5.6405","","1.76%"
"2008-10-26","5.6408","5.3521","5.7482","5.2547","","5.30%"
"2008-10-19","5.3570","5.7807","5.8175","5.3313","","-7.32%"
"2008-10-12","5.7799","5.8480","6.0422","5.6948","","-0.79%"
"2008-10-05","5.8257","6.3152","6.3285","5.6367","","-7.85%"
"2008-09-28","6.3219","6.6028","6.6227","6.3082","","-4.54%"
"2008-09-21","6.6226","6.5252","6.6367","6.4942","","1.43%"
"2008-09-14","6.5294","6.4258","6.5557","6.3235","","1.23%"
"2008-09-07","6.4499","6.4702","6.4828","6.3257","","0.13%"
"2008-08-31","6.4414","6.4502","6.4836","6.3466","","0.05%"
"2008-08-24","6.4380","6.5172","6.5787","6.4209","","-1.35%"
"2008-08-17","6.5262","6.4825","6.5663","6.4293","","0.62%"
"2008-08-10","6.4860","6.4198","6.4978","6.3960","","0.89%"
"2008-08-03","6.4290","6.6615","6.6803","6.4084","","-3.50%"
"2008-07-27","6.6620","6.6882","6.7145","6.6414","","-0.37%"
"2008-07-20","6.6869","6.7713","6.8357","6.6778","","-1.35%"
"2008-07-13","6.7782","6.7831","6.8376","6.7374","","0.12%"
"2008-07-06","6.7698","6.7304","6.7947","6.7001","","0.65%"
"2008-06-29","6.7259","6.7882","6.8172","6.6934","","-0.94%"
"2008-06-22","6.7898","6.7653","6.8290","6.7418","","0.34%"
"2008-06-15","6.7671","6.7073","6.8106","6.6972","","0.93%"
"2008-06-08","6.7049","6.7946","6.8208","6.7001","","-1.26%"
"2008-06-01","6.7904","6.9721","6.9844","6.7740","","-2.84%"
"2008-05-25","6.9886","7.0184","7.0645","6.9511","","-0.36%"
"2008-05-18","7.0142","6.9921","7.0882","6.9707","","0.23%"
"2008-05-11","6.9978","6.9397","7.0323","6.9059","","0.67%"
"2008-05-04","6.9510","6.8507","6.9877","6.8480","","1.40%"
"2008-04-27","6.8552","6.9161","6.9633","6.8186","","-0.86%"
"2008-04-20","6.9146","6.9552","7.0001","6.8318","","-0.69%"
"2008-04-13","6.9629","6.8198","6.9929","6.8103","","1.71%"
"2008-04-06","6.8456","6.9490","6.9742","6.8338","","-1.65%"
"2008-03-30","6.9601","6.8559","7.0031","6.7876","","1.50%"
"2008-03-23","6.8570","6.8748","6.9636","6.8386","","-0.53%"
"2008-03-16","6.8934","7.1734","7.1947","6.8460","","-3.82%"
"2008-03-09","7.1669","7.1886","7.2376","7.1122","","-0.24%"
"2008-03-02","7.1843","7.2161","7.2955","7.1195","","-0.56%"
"2008-02-24","7.2250","7.0508","7.3209","7.0474","","2.40%"
"2008-02-17","7.0558","7.1105","7.1336","7.0011","","-1.01%"
"2008-02-10","7.1280","7.1852","7.2378","7.0950","","-0.89%"
"2008-02-03","7.1918","7.2198","7.2474","7.0952","","-0.61%"
"2008-01-27","7.2358","7.1402","7.2827","7.1096","","1.01%"
"2008-01-20","7.1637","7.0537","7.2085","6.9720","","1.61%"
"2008-01-13","7.0505","7.1198","7.1539","7.0289","","-1.00%"
"2008-01-06","7.1218","7.2558","7.2921","7.1017","","-1.74%"
"2007-12-30","7.2476","7.4443","7.4790","7.2442","","-2.68%"
"2007-12-23","7.4475","7.4229","7.4959","7.3956","","0.28%"
"2007-12-16","7.4270","7.2392","7.4315","7.2112","","2.49%"
"2007-12-09","7.2467","7.3701","7.3923","7.1891","","-1.64%"
"2007-12-02","7.3677","7.3980","7.4232","7.2346","","-0.40%"
"2007-11-25","7.3976","7.5836","7.6047","7.3817","","-1.09%"
"2007-11-18","7.4789","7.5946","7.6524","7.4635","","-1.93%"
"2007-11-11","7.6258","7.8338","7.8568","7.5033","","-2.98%"
"2007-11-04","7.8599","7.9662","8.2144","7.8454","","-1.51%"
"2007-10-28","7.9802","7.7887","7.9948","7.7609","","2.48%"
"2007-10-21","7.7874","7.7642","7.8093","7.6396","","0.22%"
"2007-10-14","7.7701","7.7269","7.7943","7.6478","","0.48%"
"2007-10-07","7.7332","7.6537","7.7340","7.5889","","1.03%"
"2007-09-30","7.6541","7.5544","7.6690","7.4895","","1.11%"
"2007-09-23","7.5703","7.5025","7.5718","7.4344","","1.02%"
"2007-09-16","7.4940","7.2907","7.5521","7.2843","","2.77%"
"2007-09-09","7.2922","7.1443","7.3134","7.0994","","2.13%"
"2007-09-02","7.1403","7.1435","7.2051","7.1201","","-0.08%"
"2007-08-26","7.1463","7.1914","7.2216","7.0720","","-0.61%"
"2007-08-19","7.1905","7.1545","7.2398","7.1141","","0.39%"
"2007-08-12","7.1624","7.1832","7.2329","6.9934","","-0.39%"
"2007-08-05","7.1907","7.1570","7.2431","7.1056","","0.51%"
"2007-07-29","7.1543","7.1001","7.2075","7.0689","","0.73%"
"2007-07-22","7.1026","7.2184","7.3150","7.0968","","-1.61%"
"2007-07-15","7.2185","7.2180","7.2726","7.2074","","-0.13%"
"2007-07-08","7.2278","7.2424","7.2821","7.1237","","-0.22%"
"2007-07-01","7.2435","7.1579","7.2656","7.1374","","1.34%"
"2007-06-24","7.1475","7.1310","7.2689","7.0918","","0.25%"
"2007-06-17","7.1295","7.1364","7.1755","7.0781","","-0.15%"
"2007-06-10","7.1402","7.2090","7.2412","7.0978","","-1.01%"
"2007-06-03","7.2132","7.2031","7.2520","7.1424","","0.08%"
"2007-05-27","7.2077","7.0850","7.2152","7.0565","","1.79%"
"2007-05-20","7.0809","7.0356","7.1006","7.0274","","0.50%"
"2007-05-13","7.0454","6.9104","7.0506","6.8997","","1.95%"
"2007-05-06","6.9109","6.9584","7.0025","6.8733","","-0.69%"
"2007-04-29","6.9588","6.9185","6.9847","6.8780","","0.67%"
"2007-04-22","6.9128","6.8723","6.9383","6.8643","","0.68%"
"2007-04-15","6.8658","6.7926","6.8824","6.7849","","1.21%"
"2007-04-08","6.7835","6.7068","6.8172","6.6979","","1.16%"
"2007-04-01","6.7055","6.7076","6.7283","6.6609","","0.03%"
"2007-03-25","6.7035","6.6609","6.7239","6.6433","","0.63%"
"2007-03-18","6.6617","6.5696","6.7093","6.5604","","1.26%"
"2007-03-11","6.5786","6.5993","6.6332","6.5705","","-0.41%"
"2007-03-04","6.6058","6.5816","6.6171","6.5472","","0.40%"
"2007-02-25","6.5792","6.6832","6.6916","6.5749","","-1.62%"
"2007-02-18","6.6876","6.6550","6.7038","6.6119","","0.33%"
"2007-02-11","6.6657","6.6033","6.6742","6.5867","","0.79%"
"2007-02-04","6.6133","6.5519","6.6156","6.5212","","1.04%"
"2007-01-28","6.5452","6.5898","6.6174","6.5309","","-0.71%"
"2007-01-21","6.5918","6.6289","6.6383","6.5593","","-0.67%"
"2007-01-14","6.6364","6.6669","6.6902","6.5962","","-0.48%"
"2007-01-07","6.6681","6.6564","6.6738","6.6006","","0.13%"
"2006-12-31","6.6595","6.6922","6.7221","6.6194","","-0.60%"
"2006-12-24","6.6994","6.7519","6.7607","6.6877","","-0.76%"
"2006-12-17","6.7509","6.7592","6.8397","6.7432","","-0.18%"
"2006-12-10","6.7628","6.8082","6.8350","6.7496","","-0.69%"
"2006-12-03","6.8101","6.8379","6.8744","6.7905","","-0.43%"
"2006-11-26","6.8395","6.9371","6.9510","6.8236","","-1.16%"
"2006-11-19","6.9196","6.8659","6.9489","6.8432","","0.80%"
"2006-11-12","6.8649","6.9492","6.9580","6.8570","","-1.21%"
"2006-11-05","6.9493","6.9649","6.9967","6.9273","","-0.27%"
"2006-10-29","6.9678","7.0429","7.0485","6.9198","","-1.15%"
"2006-10-22","7.0487","7.0219","7.0575","6.9759","","0.33%"
"2006-10-15","7.0253","6.9451","7.0554","6.9216","","1.15%"
"2006-10-08","6.9452","7.0159","7.0486","6.9359","","-1.10%"
"2006-10-01","7.0222","7.0698","7.0983","6.9898","","-0.71%"
"2006-09-24","7.0727","7.0816","7.1279","7.0616","","-0.11%"
"2006-09-17","7.0804","7.0944","7.1200","7.0140","","-0.25%"
"2006-09-10","7.0981","7.0885","7.1448","7.0710","","0.11%"
"2006-09-03","7.0904","7.1516","7.2004","7.0841","","-1.59%"
"2006-08-27","7.2053","7.2018","7.2053","7.2018","","0.22%"
"2006-08-20","7.1898","7.1883","7.1898","7.1883","","1.41%"
"2006-08-13","7.0900","7.0855","7.0900","7.0855","","-0.05%"
"2006-08-06","7.0937","7.0909","7.0937","7.0909","","0.21%"
"2006-07-30","7.0787","7.0756","7.0787","7.0756","","0.44%"
"2006-07-23","7.0480","7.0456","7.0480","7.0456","","0.45%"
"2006-07-16","7.0166","7.0132","7.0166","7.0132","","-1.08%"
"2006-07-09","7.0934","7.0894","7.0934","7.0894","","-1.08%"
"2006-07-02","7.1706","7.1667","7.1706","7.1667","","0.23%"
"2006-06-25","7.1544","7.1510","7.1544","7.1510","","0.38%"
"2006-06-18","7.1271","7.1237","7.1271","7.1237","","0.00%"
"2006-06-11","7.1273","7.1240","7.1273","7.1240","","-1.50%"
"2006-06-04","7.2359","7.2324","7.2359","7.2324","","-0.69%"
"2006-05-28","7.2863","7.2834","7.2863","7.2834","","0.51%"
"2006-05-21","7.2490","7.2458","7.2490","7.2458","","1.14%"
"2006-05-14","7.1674","7.1636","7.1674","7.1636","","-0.75%"
"2006-05-07","7.2218","7.2184","7.2218","7.2184","","-0.40%"
"2006-04-30","7.2508","7.2469","7.2508","7.2469","","1.07%"
"2006-04-23","7.1742","7.1703","7.1742","7.1703","","1.85%"
"2006-04-16","7.0439","7.0395","7.0439","7.0395","","1.18%"
"2006-04-09","6.9618","6.9584","6.9618","6.9584","","-0.15%"
"2006-04-02","6.9720","6.9683","6.9720","6.9683","","1.60%"
"2006-03-26","6.8625","6.8579","6.8625","6.8579","","-0.14%"
"2006-03-19","6.8720","6.8687","6.8720","6.8687","","-0.94%"
"2006-03-12","6.9369","6.9333","6.9369","6.9333","","0.05%"
"2006-03-05","6.9332","6.9313","6.9332","6.9313","","-2.11%"
"2006-02-26","7.0828","7.0797","7.0828","7.0797","","1.21%"
"2006-02-19","6.9979","6.9948","6.9979","6.9948","","0.01%"
"2006-02-12","6.9973","6.9921","6.9973","6.9921","","0.28%"
"2006-02-05","6.9779","6.9748","6.9779","6.9748","","-0.85%"
"2006-01-29","7.0379","7.0361","7.0379","7.0361","","0.33%"
"2006-01-22","7.0146","7.0135","7.0146","7.0135","","0.32%"
"2006-01-15","6.9921","6.9888","6.9921","6.9888","","0.53%"
"2006-01-08","6.9555","6.9508","6.9555","6.9508","","0.50%"
"2006-01-01","6.9211","6.9175","6.9211","6.9175","","-0.30%"
"2005-12-25","6.9418","6.9386","6.9418","6.9386","","0.21%"
"2005-12-18","6.9270","6.9238","6.9270","6.9238","","-0.49%"
"2005-12-11","6.9612","6.9577","6.9612","6.9577","","-0.26%"
"2005-12-04","6.9792","6.9766","6.9792","6.9766","","0.40%"
"2005-11-27","6.9517","6.9487","6.9517","6.9487","","0.61%"
"2005-11-20","6.9095","6.9060","6.9095","6.9060","","1.66%"
"2005-11-13","6.7966","6.7813","6.7966","6.7813","","0.03%"
"2005-11-06","6.7945","6.7896","6.7945","6.7896","","-0.61%"
"2005-10-30","6.8363","6.8328","6.8363","6.8328","","-0.41%"
"2005-10-23","6.8645","6.8500","6.8645","6.8500","","0.77%"
"2005-10-16","6.8121","6.7977","6.8121","6.7977","","-0.05%"
"2005-10-09","6.8152","6.7968","6.8152","6.7968","","-1.03%"
"2005-10-02","6.8861","6.8715","6.8861","6.8715","","-1.01%"
"2005-09-25","6.9565","6.9418","6.9565","6.9418","","0.70%"
"2005-09-18","6.9079","6.8926","6.9079","6.8926","","0.68%"
"2005-09-11","6.8615","6.8457","6.8615","6.8457","","-0.14%"
"2005-09-04","6.8711","6.8559","6.8711","6.8559","","1.00%"
"2005-08-28","6.8033","6.8018","6.8033","6.8018","","0.85%"
"2005-08-21","6.7462","6.7448","6.7462","6.7448","","0.83%"
"2005-08-14","6.6906","6.6887","6.6906","6.6887","","-1.12%"
"2005-08-07","6.7667","6.7652","6.7667","6.7652","","1.55%"
"2005-07-31","6.6637","6.6609","6.6637","6.6609","","0.49%"
"2005-07-24","6.6309","6.6282","6.6309","6.6282","","-0.47%"
"2005-07-17","6.6621","6.6594","6.6621","6.6594","","-1.78%"
"2005-07-10","6.7826","6.7812","6.7826","6.7812","","-0.12%"
"2005-07-03","6.7910","6.7896","6.7910","6.7896","","1.94%"
"2005-06-26","6.6619","6.6606","6.6619","6.6606","","-0.75%"
"2005-06-19","6.7122","6.7109","6.7122","6.7109","","-0.29%"
"2005-06-12","6.7318","6.7305","6.7318","6.7305","","1.81%"
"2005-06-05","6.6122","6.6096","6.6122","6.6096","","-0.35%"
"2005-05-29","6.6352","6.6339","6.6352","6.6339","","0.57%"
"2005-05-22","6.5975","6.5948","6.5975","6.5948","","0.90%"
"2005-05-15","6.5388","6.5375","6.5388","6.5375","","-0.04%"
"2005-05-08","6.5414","6.5401","6.5414","6.5401","","-1.81%"
"2005-05-01","6.6619","6.6606","6.6619","6.6606","","1.35%"
"2005-04-24","6.5731","6.5718","6.5731","6.5718","","-1.89%"
"2005-04-17","6.6995","6.6967","6.6995","6.6967","","0.94%"
"2005-04-10","6.6372","6.6361","6.6372","6.6361","","-1.44%"
"2005-04-03","6.7340","6.7327","6.7340","6.7327","","-1.18%"
"2005-03-27","6.8145","6.8131","6.8145","6.8131","","0.34%"
"2005-03-20","6.7915","6.7896","6.7915","6.7896","","-1.38%"
"2005-03-13","6.8864","6.8850","6.8864","6.8850","","0.28%"
"2005-03-06","6.8670","6.8650","6.8670","6.8650","","2.15%"
"2005-02-27","6.7226","6.7218","6.7226","6.7218","","0.60%"
"2005-02-20","6.6824","6.6816","6.6824","6.6816","","-0.52%"
"2005-02-13","6.7174","6.7158","6.7174","6.7158","","0.40%"
"2005-02-06","6.6905","6.6892","6.6905","6.6892","","0.88%"
"2005-01-30","6.6324","6.6318","6.6324","6.6318","","-0.68%"
"2005-01-23","6.6776","6.6762","6.6776","6.6762","","-1.47%"
"2005-01-16","6.7771","6.7762","6.7771","6.7762","","-0.47%"
"2005-01-09","6.8094","6.8080","6.8094","6.8080","","1.30%"
"2005-01-02","6.7218","6.7201","6.7218","6.7201","","-2.30%"
"2004-12-26","6.8802","6.8793","6.8802","6.8793","","2.23%"
"2004-12-19","6.7302","6.7294","6.7302","6.7294","","-0.22%"
"2004-12-12","6.7450","6.7442","6.7450","6.7442","","-0.13%"
"2004-12-05","6.7538","6.7525","6.7538","6.7525","","-2.84%"
"2004-11-28","6.9510","6.9480","6.9510","6.9480","","-1.28%"
"2004-11-21","7.0414","7.0384","7.0414","7.0384","","1.52%"
"2004-11-14","6.9361","6.9346","6.9361","6.9346","","-0.07%"
"2004-11-07","6.9411","6.9393","6.9411","6.9393","","0.46%"
"2004-10-31","6.9092","6.9074","6.9092","6.9074","","1.68%"
"2004-10-24","6.7949","6.7935","6.7949","6.7935","","1.34%"
"2004-10-17","6.7051","6.7038","6.7051","6.7038","","1.56%"
"2004-10-10","6.6024","6.6011","6.6024","6.6011","","-0.16%"
"2004-10-03","6.6133","6.6119","6.6133","6.6119","","0.72%"
"2004-09-26","6.5662","6.5651","6.5662","6.5651","","1.04%"
"2004-09-19","6.4989","6.4976","6.4989","6.4976","","1.90%"
"2004-09-12","6.3775","6.3765","6.3775","6.3765","","-0.51%"
"2004-09-05","6.4102","6.4090","6.4102","6.4090","","0.69%"
"2004-08-29","6.3665","6.3657","6.3665","6.3657","","0.94%"
"2004-08-22","6.3073","6.3061","6.3073","6.3061","","-1.10%"
"2004-08-15","6.3777","6.3765","6.3777","6.3765","","0.83%"
"2004-08-08","6.3252","6.3235","6.3252","6.3235","","0.30%"
"2004-08-01","6.3060","6.3043","6.3060","6.3043","","1.46%"
"2004-07-25","6.2150","6.2134","6.2150","6.2134","","-0.76%"
"2004-07-18","6.2623","6.2607","6.2623","6.2607","","-0.83%"
"2004-07-11","6.3149","6.3132","6.3149","6.3132","","0.58%"
"2004-07-04","6.2787","6.2770","6.2787","6.2770","","0.41%"
"2004-06-27","6.2528","6.2517","6.2528","6.2517","","2.04%"
"2004-06-20","6.1280","6.1264","6.1280","6.1264","","1.02%"
"2004-06-13","6.0663","6.0648","6.0663","6.0648","","0.11%"
"2004-06-06","6.0598","6.0582","6.0598","6.0582","","-1.06%"
"2004-05-30","6.1248","6.1232","6.1248","6.1232","","0.83%"
"2004-05-23","6.0742","6.0726","6.0742","6.0726","","0.82%"
"2004-05-16","6.0248","6.0232","6.0248","6.0232","","0.96%"
"2004-05-09","5.9675","5.9660","5.9675","5.9660","","-0.30%"
"2004-05-02","5.9855","5.9840","5.9855","5.9840","","-0.93%"
"2004-04-25","6.0415","6.0399","6.0415","6.0399","","-0.64%"
"2004-04-18","6.0804","6.0788","6.0804","6.0788","","-1.24%"
"2004-04-11","6.1568","6.1552","6.1568","6.1552","","-1.28%"
"2004-04-04","6.2366","6.2350","6.2366","6.2350","","-0.86%"
"2004-03-28","6.2906","6.2890","6.2906","6.2890","","0.25%"
"2004-03-21","6.2752","6.2738","6.2752","6.2738","","1.08%"
"2004-03-14","6.2083","6.2067","6.2083","6.2067","","0.18%"
"2004-03-07","6.1970","6.1954","6.1970","6.1954","","-1.03%"
"2004-02-29","6.2613","6.2596","6.2613","6.2596","","1.01%"
"2004-02-22","6.1985","6.1971","6.1985","6.1971","","0.12%"
"2004-02-15","6.1911","6.1899","6.1911","6.1899","","-1.53%"
"2004-02-08","6.2873","6.2857","6.2873","6.2857","","0.68%"
"2004-02-01","6.2449","6.2437","6.2449","6.2437","","-0.06%"
"2004-01-25","6.2488","6.2476","6.2488","6.2476","","-0.87%"
"2004-01-18","6.3037","6.3025","6.3037","6.3025","","-1.06%"
"2004-01-11","6.3711","6.3696","6.3711","6.3696","","-2.18%"
"2004-01-04","6.5130","6.5112","6.5130","6.5112","","1.40%"
"2003-12-28","6.4232","6.4217","6.4232","6.4217","","1.41%"
"2003-12-21","6.3337","6.3322","6.3337","6.3322","","2.25%"
"2003-12-14","6.1944","6.1921","6.1944","6.1921","","-1.49%"
"2003-12-07","6.2881","6.2858","6.2881","6.2858","","-0.84%"
"2003-11-30","6.3415","6.3391","6.3415","6.3391","","-0.42%"
"2003-11-23","6.3681","6.3669","6.3681","6.3669","","0.25%"
"2003-11-16","6.3522","6.3508","6.3522","6.3508","","-0.05%"
"2003-11-09","6.3552","6.3537","6.3552","6.3537","","1.56%"
"2003-11-02","6.2574","6.2562","6.2574","6.2562","","-0.24%"
"2003-10-26","6.2725","6.2702","6.2725","6.2702","","-0.99%"
"2003-10-19","6.3351","6.3327","6.3351","6.3327","","0.63%"
"2003-10-12","6.2954","6.2940","6.2954","6.2940","","0.47%"
"2003-10-05","6.2657","6.2643","6.2657","6.2643","","1.75%"
"2003-09-28","6.1580","6.1557","6.1580","6.1557","","0.69%"
"2003-09-21","6.1155","6.1132","6.1155","6.1132","","-0.37%"
"2003-09-14","6.1381","6.1368","6.1381","6.1368","","1.17%"
"2003-09-07","6.0672","6.0661","6.0672","6.0661","","0.42%"
"2003-08-31","6.0416","6.0394","6.0416","6.0394","","1.20%"
"2003-08-24","5.9700","5.9689","5.9700","5.9689","","1.04%"
"2003-08-17","5.9085","5.9072","5.9085","5.9072","","-1.02%"
"2003-08-10","5.9695","5.9674","5.9695","5.9674","","0.38%"
"2003-08-03","5.9467","5.9446","5.9467","5.9446","","0.51%"
"2003-07-27","5.9165","5.9144","5.9165","5.9144","","-1.28%"
"2003-07-20","5.9930","5.9908","5.9930","5.9908","","1.89%"
"2003-07-13","5.8819","5.8798","5.8819","5.8798","","-2.16%"
"2003-07-06","6.0115","6.0093","6.0115","6.0093","","-2.73%"
"2003-06-29","6.1801","6.1778","6.1801","6.1778","","0.67%"
"2003-06-22","6.1387","6.1364","6.1387","6.1364","","0.89%"
"2003-06-15","6.0844","6.0822","6.0844","6.0822","","-1.95%"
"2003-06-08","6.2052","6.2040","6.2052","6.2040","","1.87%"
"2003-06-01","6.0914","6.0892","6.0914","6.0892","","0.57%"
"2003-05-25","6.0567","6.0556","6.0567","6.0556","","0.49%"
"2003-05-18","6.0274","6.0252","6.0274","6.0252","","-0.59%"
"2003-05-11","6.0629","6.0606","6.0629","6.0606","","2.04%"
"2003-05-04","5.9417","5.9396","5.9417","5.9396","","1.91%"
"2003-04-27","5.8301","5.8281","5.8301","5.8281","","1.89%"
"2003-04-20","5.7221","5.7201","5.7221","5.7201","","0.28%"
"2003-04-13","5.7063","5.7043","5.7063","5.7043","","0.10%"
"2003-04-06","5.7007","5.6998","5.7007","5.6998","","1.40%"
"2003-03-30","5.6222","5.6203","5.6222","5.6203","","-0.04%"
"2003-03-23","5.6242","5.6230","5.6242","5.6230","","1.55%"
"2003-03-16","5.5383","5.5374","5.5383","5.5374","","-1.37%"
"2003-03-09","5.6154","5.6135","5.6154","5.6135","","-0.54%"
"2003-03-02","5.6459","5.6439","5.6459","5.6439","","1.19%"
"2003-02-23","5.5797","5.5778","5.5797","5.5778","","1.43%"
"2003-02-16","5.5011","5.5000","5.5011","5.5000","","1.21%"
"2003-02-09","5.4352","5.4341","5.4352","5.4341","","-0.16%"
"2003-02-02","5.4439","5.4418","5.4439","5.4418","","0.06%"
"2003-01-26","5.4408","5.4403","5.4408","5.4403","","-0.14%"
"2003-01-19","5.4485","5.4467","5.4485","5.4467","","1.08%"
"2003-01-12","5.3901","5.3890","5.3901","5.3890","","0.61%"
"2003-01-05","5.3574","5.3563","5.3574","5.3563","","1.23%"
"2002-12-29","5.2921","5.2911","5.2921","5.2911","","0.30%"
"2002-12-22","5.2765","5.2755","5.2765","5.2755","","-1.20%"
"2002-12-15","5.3407","5.3388","5.3407","5.3388","","0.68%"
"2002-12-08","5.3048","5.3030","5.3048","5.3030","","0.30%"
"2002-12-01","5.2890","5.2879","5.2890","5.2879","","-0.01%"
"2002-11-24","5.2893","5.2876","5.2893","5.2876","","0.85%"
"2002-11-17","5.2448","5.2438","5.2448","5.2438","","0.38%"
"2002-11-10","5.2248","5.2231","5.2248","5.2231","","-1.24%"
"2002-11-03","5.2902","5.2892","5.2902","5.2892","","-0.40%"
"2002-10-27","5.3116","5.3106","5.3116","5.3106","","0.67%"
"2002-10-20","5.2761","5.2751","5.2761","5.2751","","0.30%"
"2002-10-13","5.2601","5.2591","5.2601","5.2591","","0.82%"
"2002-10-06","5.2171","5.2154","5.2171","5.2154","","0.39%"
"2002-09-29","5.1967","5.1957","5.1967","5.1957","","-0.88%"
"2002-09-22","5.2427","5.2417","5.2427","5.2417","","-0.40%"
"2002-09-15","5.2635","5.2625","5.2635","5.2625","","0.47%"
"2002-09-08","5.2388","5.2378","5.2388","5.2378","","-1.34%"
"2002-09-01","5.3099","5.3082","5.3099","5.3082","","0.00%"
"2002-08-25","5.3101","5.3090","5.3101","5.3090","","-0.15%"
"2002-08-18","5.3182","5.3172","5.3182","5.3172","","0.18%"
"2002-08-11","5.3084","5.3067","5.3084","5.3067","","0.84%"
"2002-08-04","5.2640","5.2630","5.2640","5.2630","","0.79%"
"2002-07-28","5.2229","5.2213","5.2229","5.2213","","0.15%"
"2002-07-21","5.2153","5.2137","5.2153","5.2137","","-2.74%"
"2002-07-14","5.3624","5.3607","5.3624","5.3607","","-0.64%"
"2002-07-07","5.3970","5.3959","5.3970","5.3959","","-0.73%"
"2002-06-30","5.4366","5.4355","5.4366","5.4355","","-0.24%"
"2002-06-23","5.4497","5.4487","5.4497","5.4487","","0.10%"
"2002-06-16","5.4440","5.4430","5.4440","5.4430","","1.74%"
"2002-06-09","5.3510","5.3500","5.3510","5.3500","","-0.95%"
"2002-06-02","5.4024","5.4013","5.4024","5.4013","","0.06%"
"2002-05-26","5.3989","5.3971","5.3989","5.3971","","-0.04%"
"2002-05-19","5.4010","5.3993","5.4010","5.3993","","0.75%"
"2002-05-12","5.3610","5.3592","5.3610","5.3592","","0.93%"
"2002-05-05","5.3116","5.3099","5.3116","5.3099","","0.50%"
"2002-04-28","5.2853","5.2836","5.2853","5.2836","","-0.24%"
"2002-04-21","5.2981","5.2971","5.2981","5.2971","","0.62%"
"2002-04-14","5.2656","5.2646","5.2656","5.2646","","0.86%"
"2002-04-07","5.2209","5.2192","5.2209","5.2192","","0.27%"
"2002-03-31","5.2069","5.2053","5.2069","5.2053","","0.36%"
"2002-03-24","5.1880","5.1870","5.1880","5.1870","","-1.11%"
"2002-03-17","5.2462","5.2446","5.2462","5.2446","","0.39%"
"2002-03-10","5.2260","5.2250","5.2260","5.2250","","0.17%"
"2002-03-03","5.2169","5.2159","5.2169","5.2159","","0.35%"
"2002-02-24","5.1989","5.1972","5.1989","5.1972","","0.25%"
"2002-02-17","5.1858","5.1842","5.1858","5.1842","","-0.40%"
"2002-02-10","5.2068","5.2052","5.2068","5.2052","","0.53%"
"2002-02-03","5.1794","5.1778","5.1794","5.1778","","-0.47%"
"2002-01-27","5.2041","5.2025","5.2041","5.2025","","1.26%"
"2002-01-20","5.1394","5.1378","5.1394","5.1378","","0.25%"
"2002-01-13","5.1265","5.1255","5.1265","5.1255","","-1.10%"
"2002-01-06","5.1837","5.1827","5.1837","5.1827","","-0.11%"
"2001-12-30","5.1896","5.1879","5.1896","5.1879","","-0.26%"
"2001-12-23","5.2033","5.2016","5.2033","5.2016","","-0.34%"
"2001-12-16","5.2212","5.2202","5.2212","5.2202","","-1.50%"
"2001-12-09","5.3009","5.2992","5.3009","5.2992","","0.91%"
"2001-12-02","5.2533","5.2517","5.2533","5.2517","","-0.15%"
"2001-11-25","5.2614","5.2597","5.2614","5.2597","","1.66%"
"2001-11-18","5.1753","5.1737","5.1753","5.1737","","-0.63%"
"2001-11-11","5.2080","5.2070","5.2080","5.2070","","0.88%"
"2001-11-04","5.1625","5.1609","5.1625","5.1609","","-0.73%"
"2001-10-28","5.2004","5.1994","5.2004","5.1994","","-0.95%"
"2001-10-21","5.2502","5.2486","5.2502","5.2486","","-0.10%"
"2001-10-14","5.2557","5.2541","5.2557","5.2541","","-0.75%"
"2001-10-07","5.2953","5.2936","5.2953","5.2936","","-0.06%"
"2001-09-30","5.2985","5.2975","5.2985","5.2975","","1.11%"
"2001-09-23","5.2405","5.2395","5.2405","5.2395","","-0.50%"
"2001-09-16","5.2668","5.2651","5.2668","5.2651","","-0.46%"
"2001-09-09","5.2909","5.2899","5.2909","5.2899","","0.08%"
"2001-09-02","5.2869","5.2852","5.2869","5.2852","","-0.92%"
"2001-08-26","5.3358","5.3341","5.3358","5.3341","","-0.78%"
"2001-08-19","5.3777","5.3759","5.3777","5.3759","","0.25%"
"2001-08-12","5.3644","5.3634","5.3644","5.3634","","-0.23%"
"2001-08-05","5.3769","5.3759","5.3769","5.3759","","-0.67%"
"2001-07-29","5.4129","5.4118","5.4129","5.4118","","0.16%"
"2001-07-22","5.4045","5.4034","5.4045","5.4034","","0.77%"
"2001-07-15","5.3630","5.3613","5.3630","5.3613","","-0.44%"
"2001-07-08","5.3867","5.3850","5.3867","5.3850","","-0.90%"
"2001-07-01","5.4356","5.4338","5.4356","5.4338","","-0.52%"
"2001-06-24","5.4642","5.4624","5.4642","5.4624","","0.51%"
"2001-06-17","5.4364","5.4355","5.4364","5.4355","","0.10%"
"2001-06-10","5.4307","5.4297","5.4307","5.4297","","-0.43%"
"2001-06-03","5.4542","5.4531","5.4542","5.4531","","1.24%"
"2001-05-27","5.3873","5.3863","5.3873","5.3863","","0.59%"
"2001-05-20","5.3556","5.3539","5.3556","5.3539","","-0.75%"
"2001-05-13","5.3963","5.3945","5.3963","5.3945","","1.10%"
"2001-05-06","5.3377","5.3359","5.3377","5.3359","","-0.99%"
"2001-04-29","5.3913","5.3896","5.3913","5.3896","","0.46%"
"2001-04-22","5.3668","5.3651","5.3668","5.3651","","0.16%"
"2001-04-15","5.3580","5.3562","5.3580","5.3562","","1.07%"
"2001-04-08","5.3013","5.2996","5.3013","5.2996","","0.22%"
"2001-04-01","5.2896","5.2880","5.2896","5.2880","","0.74%"
"2001-03-25","5.2510","5.2493","5.2510","5.2493","","-0.74%"
"2001-03-18","5.2900","5.2883","5.2900","5.2883","","0.27%"
"2001-03-11","5.2758","5.2741","5.2758","5.2741","","-1.38%"
"2001-03-04","5.3496","5.3478","5.3496","5.3478","","-0.19%"
"2001-02-25","5.3598","5.3581","5.3598","5.3581","","-0.45%"
"2001-02-18","5.3841","5.3823","5.3841","5.3823","","0.18%"
"2001-02-11","5.3746","5.3729","5.3746","5.3729","","-1.90%"
"2001-02-04","5.4785","5.4767","5.4785","5.4767","","-1.01%"
"2001-01-28","5.5342","5.5323","5.5342","5.5323","","0.59%"
"2001-01-21","5.5015","5.4996","5.5015","5.4996","","0.54%"
"2001-01-14","5.4720","5.4702","5.4720","5.4702","","-0.82%"
"2001-01-07","5.5175","5.5157","5.5175","5.5157","","-0.05%"
"2000-12-31","5.5202","5.5183","5.5202","5.5183","","-0.05%"
"2000-12-24","5.5227","5.5208","5.5227","5.5208","","1.27%"
"2000-12-17","5.4534","5.4516","5.4534","5.4516","","0.19%"
"2000-12-10","5.4428","5.4410","5.4428","5.4410","","-0.26%"
"2000-12-03","5.4572","5.4554","5.4572","5.4554","","1.98%"
"2000-11-26","5.3511","5.3493","5.3511","5.3493","","-0.52%"
"2000-11-19","5.3791","5.3774","5.3791","5.3774","","1.23%"
"2000-11-12","5.3135","5.3118","5.3135","5.3118","","-0.95%"
"2000-11-05","5.3647","5.3630","5.3647","5.3630","","-0.66%"
"2000-10-29","5.4005","5.3987","5.4005","5.3987","","-0.25%"
"2000-10-22","5.4141","5.4124","5.4141","5.4124","","-1.19%"
"2000-10-15","5.4794","5.4776","5.4794","5.4776","","-0.27%"
"2000-10-08","5.4944","5.4926","5.4944","5.4926","","-0.20%"
"2000-10-01","5.5054","5.5036","5.5054","5.5036","","-0.04%"
"2000-09-24","5.5077","5.5059","5.5077","5.5059","","-0.97%"
"2000-09-17","5.5617","5.5599","5.5617","5.5599","","-0.37%"
"2000-09-10","5.5824","5.5806","5.5824","5.5806","","-0.41%"
"2000-09-03","5.6052","5.6033","5.6052","5.6033","","-0.25%"
"2000-08-27","5.6192","5.6172","5.6192","5.6172","","0.66%"
"2000-08-20","5.5824","5.5806","5.5824","5.5806","","-0.43%"
"2000-08-13","5.6065","5.6046","5.6065","5.6046","","0.51%"
"2000-08-06","5.5781","5.5762","5.5781","5.5762","","0.32%"
"2000-07-30","5.5602","5.5584","5.5602","5.5584","","-0.78%"
"2000-07-23","5.6037","5.6018","5.6037","5.6018","","-0.46%"
"2000-07-16","5.6296","5.6277","5.6296","5.6277","","0.90%"
"2000-07-09","5.5793","5.5774","5.5793","5.5774","","-0.29%"
"2000-07-02","5.5956","5.5937","5.5956","5.5937","","0.07%"
"2000-06-25","5.5919","5.5900","5.5919","5.5900","","0.21%"
"2000-06-18","5.5800","5.5782","5.5800","5.5782","","-1.17%"
"2000-06-11","5.6463","5.6443","5.6463","5.6443","","0.60%"
"2000-06-04","5.6128","5.6109","5.6128","5.6109","","0.12%"
"2000-05-28","5.6059","5.6040","5.6059","5.6040","","1.80%"
"2000-05-21","5.5067","5.5052","5.5067","5.5052","","-0.45%"
"2000-05-14","5.5316","5.5297","5.5316","5.5297","","-0.73%"
"2000-05-07","5.5724","5.5705","5.5724","5.5705","","0.28%"
"2000-04-30","5.5570","5.5551","5.5570","5.5551","","-0.60%"
"2000-04-23","5.5907","5.5889","5.5907","5.5889","","-0.49%"
"2000-04-16","5.6183","5.6164","5.6183","5.6164","","0.21%"
"2000-04-09","5.6063","5.6044","5.6063","5.6044","","-1.25%"
"2000-04-02","5.6772","5.6752","5.6772","5.6752","","-0.63%"
"2000-03-26","5.7130","5.7110","5.7130","5.7110","","0.90%"
"2000-03-19","5.6623","5.6604","5.6623","5.6604","","0.61%"
"2000-03-12","5.6278","5.6259","5.6278","5.6259","","-0.88%"
"2000-03-05","5.6776","5.6756","5.6776","5.6756","","-0.48%"
"2000-02-27","5.7049","5.7029","5.7049","5.7029","","-0.20%"
"2000-02-20","5.7161","5.7141","5.7161","5.7141","","0.21%"
"2000-02-13","5.7041","5.7021","5.7041","5.7021","","-0.16%"
"2000-02-06","5.7134","5.7115","5.7134","5.7115","","-0.62%"
"2000-01-30","5.7492","5.7472","5.7492","5.7472","","0.38%"
"2000-01-23","5.7276","5.7256","5.7276","5.7256","","-0.37%"
"2000-01-16","5.7489","5.7469","5.7489","5.7469","","0.65%"
"2000-01-09","5.7117","5.7097","5.7117","5.7097","","0.43%"
"2000-01-02","5.6871","5.6852","5.6871","5.6852","","-0.16%"
"1999-12-26","5.6963","5.6943","5.6963","5.6943","","0.96%"
"1999-12-19","5.6424","5.6404","5.6424","5.6404","","0.72%"
"1999-12-12","5.6018","5.5999","5.6018","5.5999","","-0.10%"
"1999-12-05","5.6075","5.6056","5.6075","5.6056","","0.23%"
"1999-11-28","5.5947","5.5928","5.5947","5.5928","","-0.75%"
"1999-11-21","5.6370","5.6351","5.6370","5.6351","","-0.47%"
"1999-11-14","5.6636","5.6617","5.6636","5.6617","","0.07%"
"1999-11-07","5.6594","5.6575","5.6594","5.6575","","0.40%"
"1999-10-31","5.6370","5.6351","5.6370","5.6351","","0.13%"
"1999-10-24","5.6297","5.6278","5.6297","5.6278","","0.46%"
"1999-10-17","5.6039","5.6020","5.6039","5.6020","","0.74%"
"1999-10-10","5.5628","5.5609","5.5628","5.5609","","-1.15%"
"1999-10-03","5.6277","5.6258","5.6277","5.6258","","0.24%"
"1999-09-26","5.6140","5.6121","5.6140","5.6121","","-0.20%"
"1999-09-19","5.6252","5.6233","5.6252","5.6233","","-0.01%"
"1999-09-12","5.6256","5.6237","5.6256","5.6237","","0.22%"
"1999-09-05","5.6134","5.6124","5.6134","5.6124","","1.08%"
"1999-08-29","5.5532","5.5513","5.5532","5.5513","","-0.10%"
"1999-08-22","5.5588","5.5570","5.5588","5.5570","","0.47%"
"1999-08-15","5.5328","5.5310","5.5328","5.5310","","-1.22%"
"1999-08-08","5.6012","5.5993","5.6012","5.5993","","1.75%"
"1999-08-01","5.5050","5.5032","5.5050","5.5032","","0.23%"
"1999-07-25","5.4924","5.4905","5.4924","5.4905","","-0.02%"
"1999-07-18","5.4935","5.4916","5.4935","5.4916","","-1.56%"
"1999-07-11","5.5803","5.5784","5.5803","5.5784","","-0.80%"
"1999-07-04","5.6253","5.6234","5.6253","5.6234","","-0.53%"
"1999-06-27","5.6552","5.6533","5.6552","5.6533","","0.19%"
"1999-06-20","5.6446","5.6436","5.6446","5.6436","","-0.17%"
"1999-06-13","5.6543","5.6523","5.6543","5.6523","","-0.13%"
"1999-06-06","5.6619","5.6599","5.6619","5.6599","","0.55%"
"1999-05-30","5.6310","5.6291","5.6310","5.6291","","0.09%"
"1999-05-23","5.6257","5.6247","5.6257","5.6247","","-0.73%"
"1999-05-16","5.6671","5.6652","5.6671","5.6652","","0.24%"
"1999-05-09","5.6536","5.6516","5.6536","5.6516","","-0.46%"
"1999-05-02","5.6797","5.6777","5.6797","5.6777","","-0.08%"
"1999-04-25","5.6841","5.6822","5.6841","5.6822","","1.30%"
"1999-04-18","5.6112","5.6093","5.6112","5.6093","","0.19%"
"1999-04-11","5.6005","5.5986","5.6005","5.5986","","1.48%"
"1999-04-04","5.5187","5.5169","5.5187","5.5169","","-0.35%"
"1999-03-28","5.5381","5.5363","5.5381","5.5363","","1.25%"
"1999-03-21","5.4698","5.4680","5.4698","5.4680","","0.11%"
"1999-03-14","5.4637","5.4619","5.4637","5.4619","","0.60%"
"1999-03-07","5.4313","5.4295","5.4313","5.4295","","-0.39%"
"1999-02-28","5.4526","5.4508","5.4526","5.4508","","-0.68%"
"1999-02-21","5.4902","5.4884","5.4902","5.4884","","-1.39%"
"1999-02-14","5.5674","5.5655","5.5674","5.5655","","0.28%"
"1999-02-07","5.5517","5.5498","5.5517","5.5498","","-0.03%"
"1999-01-31","5.5535","5.5516","5.5535","5.5516","","1.34%"
"1999-01-24","5.4800","5.4782","5.4800","5.4782","","0.49%"
"1999-01-17","5.4535","5.4517","5.4535","5.4517","","0.51%"
"1999-01-10","5.4259","5.4241","5.4259","5.4241","","-0.88%"
"1999-01-03","5.4738","5.4720","5.4738","5.4720","","2.40%"
"1998-12-27","5.3457","5.3440","5.3457","5.3440","","0.19%"
"1998-12-20","5.3356","5.3339","5.3356","5.3339","","-0.48%"
"1998-12-13","5.3613","5.3596","5.3613","5.3596","","-0.13%"
"1998-12-06","5.3681","5.3664","5.3681","5.3664","","-0.48%"
"1998-11-29","5.3942","5.3925","5.3942","5.3925","","-0.02%"
"1998-11-22","5.3955","5.3937","5.3955","5.3937","","0.87%"
"1998-11-15","5.3491","5.3474","5.3491","5.3474","","0.13%"
"1998-11-08","5.3422","5.3405","5.3422","5.3405","","-1.06%"
"1998-11-01","5.3996","5.3979","5.3996","5.3979","","0.63%"
"1998-10-25","5.3658","5.3640","5.3658","5.3640","","0.03%"
"1998-10-18","5.3643","5.3626","5.3643","5.3626","","0.12%"
"1998-10-11","5.3578","5.3561","5.3578","5.3561","","-0.16%"
"1998-10-04","5.3662","5.3645","5.3662","5.3645","","0.12%"
"1998-09-27","5.3597","5.3579","5.3597","5.3579","","-2.09%"
"1998-09-20","5.4742","5.4733","5.4742","5.4733","","0.76%"
"1998-09-13","5.4330","5.4321","5.4330","5.4321","","-0.66%"
"1998-09-06","5.4691","5.4682","5.4691","5.4682","","0.43%"
"1998-08-30","5.4455","5.4437","5.4455","5.4437","","2.73%"
"1998-08-23","5.3009","5.2992","5.3009","5.2992","","-1.15%"
"1998-08-16","5.3628","5.3619","5.3628","5.3619","","-1.76%"
"1998-08-09","5.4590","5.4581","5.4590","5.4581","","0.30%"
"1998-08-02","5.4425","5.4416","5.4425","5.4416","","-0.56%"
"1998-07-26","5.4734","5.4725","5.4734","5.4725","","-0.87%"
"1998-07-19","5.5216","5.5207","5.5216","5.5207","","-0.77%"
"1998-07-12","5.5646","5.5636","5.5646","5.5636","","-0.65%"
"1998-07-05","5.6009","5.6000","5.6009","5.6000","","-0.69%"
"1998-06-28","5.6396","5.6387","5.6396","5.6387","","0.11%"
"1998-06-21","5.6334","5.6325","5.6334","5.6325","","0.10%"
"1998-06-14","5.6276","5.6266","5.6276","5.6266","","-0.33%"
"1998-06-07","5.6463","5.6453","5.6463","5.6453","","-0.58%"
"1998-05-31","5.6791","5.6781","5.6791","5.6781","","-0.09%"
"1998-05-24","5.6843","5.6833","5.6843","5.6833","","-0.51%"
"1998-05-17","5.7137","5.7127","5.7137","5.7127","","-0.04%"
"1998-05-10","5.7160","5.7150","5.7160","5.7150","","-0.82%"
"1998-05-03","5.7634","5.7624","5.7634","5.7624","","-0.18%"
"1998-04-26","5.7740","5.7730","5.7740","5.7730","","0.04%"
"1998-04-19","5.7717","5.7707","5.7717","5.7707","","-0.40%"
"1998-04-12","5.7950","5.7930","5.7950","5.7930","","-0.16%"
"1998-04-05","5.8040","5.8019","5.8040","5.8019","","-0.46%"
"1998-03-29","5.8309","5.8299","5.8309","5.8299","","-0.22%"
"1998-03-22","5.8438","5.8427","5.8438","5.8427","","0.16%"
"1998-03-15","5.8346","5.8335","5.8346","5.8335","","-0.45%"
"1998-03-08","5.8612","5.8601","5.8612","5.8601","","0.42%"
"1998-03-01","5.8366","5.8356","5.8366","5.8356","","0.37%"
"1998-02-22","5.8148","5.8138","5.8148","5.8138","","-0.30%"
"1998-02-15","5.8322","5.8312","5.8322","5.8312","","1.71%"
"1998-02-08","5.7341","5.7331","5.7341","5.7331","","-0.84%"
"1998-02-01","5.7825","5.7815","5.7825","5.7815","","1.58%"
"1998-01-25","5.6926","5.6916","5.6926","5.6916","","-0.16%"
"1998-01-18","5.7019","5.7009","5.7019","5.7009","","-1.03%"
"1998-01-11","5.7615","5.7605","5.7615","5.7605","","-0.46%"
"1998-01-04","5.7884","5.7874","5.7884","5.7874","","-0.39%"
"1997-12-28","5.8111","5.8101","5.8111","5.8101","","0.78%"
"1997-12-21","5.7663","5.7663","5.7663","5.7663","","-0.30%"
"1997-12-14","5.7835","5.7835","5.7835","5.7835","","-0.79%"
"1997-12-07","5.8297","5.8297","5.8297","5.8297","","0.27%"
"1997-11-30","5.8138","5.8138","5.8138","5.8138","","-0.04%"
"1997-11-23","5.8164","5.8164","5.8164","5.8164","","-0.38%"
"1997-11-16","5.8385","5.8385","5.8385","5.8385","","-0.36%"
"1997-11-09","5.8595","5.8595","5.8595","5.8595","","-0.27%"
"1997-11-02","5.8756","5.8756","5.8756","5.8756","","-0.06%"
"1997-10-26","5.8789","5.8789","5.8789","5.8789","","-1.20%"
"1997-10-19","5.9506","5.9506","5.9506","5.9506","","-0.40%"
"1997-10-12","5.9747","5.9747","5.9747","5.9747","","-0.59%"
"1997-10-05","6.0099","6.0099","6.0099","6.0099","","-0.44%"
"1997-09-28","6.0364","6.0364","6.0364","6.0364","","0.89%"
"1997-09-21","5.9832","5.9832","5.9832","5.9832","","0.30%"
"1997-09-14","5.9653","5.9653","5.9653","5.9653","","0.26%"
"1997-09-07","5.9498","5.9498","5.9498","5.9498","","-0.83%"
"1997-08-31","5.9996","5.9996","5.9996","5.9996","","0.47%"
"1997-08-24","5.9715","5.9715","5.9715","5.9715","","0.30%"
"1997-08-17","5.9539","5.9539","5.9539","5.9539","","-0.09%"
"1997-08-10","5.9590","5.9590","5.9590","5.9590","","-0.02%"
"1997-08-03","5.9604","5.9604","5.9604","5.9604","","-0.70%"
"1997-07-27","6.0022","6.0022","6.0022","6.0022","","0.27%"
"1997-07-20","5.9859","5.9859","5.9859","5.9859","","-0.76%"
"1997-07-13","6.0315","6.0315","6.0315","6.0315","","-0.29%"
"1997-07-06","6.0493","6.0493","6.0493","6.0493","","0.32%"
"1997-06-29","6.0303","6.0303","6.0303","6.0303","","0.43%"
"1997-06-22","6.0043","6.0043","6.0043","6.0043","","0.62%"
"1997-06-15","5.9673","5.9673","5.9673","5.9673","","-0.56%"
"1997-06-08","6.0007","6.0007","6.0007","6.0007","","0.08%"
"1997-06-01","5.9957","5.9957","5.9957","5.9957","","-0.46%"
"1997-05-25","6.0232","6.0232","6.0232","6.0232","","-0.07%"
"1997-05-18","6.0273","6.0273","6.0273","6.0273","","-0.16%"
"1997-05-11","6.0370","6.0370","6.0370","6.0370","","1.33%"
"1997-05-04","5.9577","5.9577","5.9577","5.9577","","-0.86%"
"1997-04-27","6.0092","6.0092","6.0092","6.0092","","1.28%"
"1997-04-20","5.9334","5.9334","5.9334","5.9334","","0.11%"
"1997-04-13","5.9268","5.9268","5.9268","5.9268","","-0.11%"
"1997-04-06","5.9336","5.9336","5.9336","5.9336","","-0.45%"
"1997-03-30","5.9603","5.9603","5.9603","5.9603","","-0.80%"
"1997-03-23","6.0084","6.0084","6.0084","6.0084","","-0.12%"
"1997-03-16","6.0157","6.0157","6.0157","6.0157","","-0.98%"
"1997-03-09","6.0755","6.0755","6.0755","6.0755","","0.29%"
"1997-03-02","6.0579","6.0579","6.0579","6.0579","","-0.07%"
"1997-02-23","6.0621","6.0621","6.0621","6.0621","","-0.28%"
"1997-02-16","6.0794","6.0794","6.0794","6.0794","","-1.07%"
"1997-02-09","6.1449","6.1449","6.1449","6.1449","","0.08%"
"1997-02-02","6.1401","6.1401","6.1401","6.1401","","-0.21%"
"1997-01-26","6.1533","6.1533","6.1533","6.1533","","0.12%"
"1997-01-19","6.1459","6.1459","6.1459","6.1459","","-0.65%"
"1997-01-12","6.1861","6.1861","6.1861","6.1861","","0.58%"
"1997-01-05","6.1503","6.1503","6.1503","6.1503","","1.58%"
"1996-12-29","6.0549","6.0549","6.0549","6.0549","","-0.17%"
"1996-12-22","6.0655","6.0655","6.0655","6.0655","","0.03%"
"1996-12-15","6.0637","6.0637","6.0637","6.0637","","-0.41%"
"1996-12-08","6.0888","6.0888","6.0888","6.0888","","-0.26%"
"1996-12-01","6.1044","6.1044","6.1044","6.1044","","-0.59%"
"1996-11-24","6.1408","6.1408","6.1408","6.1408","","-0.82%"
"1996-11-17","6.1916","6.1916","6.1916","6.1916","","-0.11%"
"1996-11-10","6.1987","6.1987","6.1987","6.1987","","-0.52%"
"1996-11-03","6.2313","6.2313","6.2313","6.2313","","0.17%"
"1996-10-27","6.2208","6.2208","6.2208","6.2208","","0.88%"
"1996-10-20","6.1664","6.1664","6.1664","6.1664","","0.27%"
"1996-10-13","6.1497","6.1497","6.1497","6.1497","","0.26%"
"1996-10-06","6.1340","6.1340","6.1340","6.1340","","0.10%"
"1996-09-29","6.1278","6.1278","6.1278","6.1278","","0.61%"
"1996-09-22","6.0908","6.0908","6.0908","6.0908","","0.31%"
"1996-09-15","6.0717","6.0717","6.0717","6.0717","","0.15%"
"1996-09-08","6.0625","6.0625","6.0625","6.0625","","0.25%"
"1996-09-01","6.0475","6.0475","6.0475","6.0475","","-0.36%"
"1996-08-25","6.0696","6.0696","6.0696","6.0696","","0.17%"
"1996-08-18","6.0596","6.0596","6.0596","6.0596","","0.24%"
"1996-08-11","6.0453","6.0453","6.0453","6.0453","","-0.29%"
"1996-08-04","6.0628","6.0628","6.0628","6.0628","","0.33%"
"1996-07-28","6.0426","6.0426","6.0426","6.0426","","-0.01%"
"1996-07-21","6.0433","6.0433","6.0433","6.0433","","-0.65%"
"1996-07-14","6.0828","6.0828","6.0828","6.0828","","0.18%"
"1996-07-07","6.0718","6.0718","6.0718","6.0718","","-0.13%"
"1996-06-30","6.0796","6.0796","6.0796","6.0796","","-0.35%"
"1996-06-23","6.1012","6.1012","6.1012","6.1012","","0.09%"
"1996-06-16","6.0955","6.0955","6.0955","6.0955","","0.01%"
"1996-06-09","6.0947","6.0947","6.0947","6.0947","","-0.04%"
"1996-06-02","6.0971","6.0971","6.0971","6.0971","","0.26%"
"1996-05-26","6.0814","6.0814","6.0814","6.0814","","0.35%"
"1996-05-19","6.0602","6.0602","6.0602","6.0602","","-0.36%"
"1996-05-12","6.0820","6.0820","6.0820","6.0820","","0.10%"
"1996-05-05","6.0760","6.0760","6.0760","6.0760","","-0.38%"
"1996-04-28","6.0994","6.0994","6.0994","6.0994","","-0.31%"
"1996-04-21","6.1183","6.1183","6.1183","6.1183","","0.10%"
"1996-04-14","6.1120","6.1120","6.1120","6.1120","","-0.47%"
"1996-04-07","6.1411","6.1411","6.1411","6.1411","","-0.01%"
"1996-03-31","6.1416","6.1416","6.1416","6.1416","","0.19%"
"1996-03-24","6.1300","6.1300","6.1300","6.1300","","0.24%"
"1996-03-17","6.1153","6.1153","6.1153","6.1153","","0.11%"
"1996-03-10","6.1087","6.1087","6.1087","6.1087","","0.43%"
"1996-03-03","6.0825","6.0825","6.0825","6.0825","","0.27%"
"1996-02-25","6.0663","6.0663","6.0663","6.0663","","0.42%"
"1996-02-18","6.0408","6.0408","6.0408","6.0408","","0.37%"
"1996-02-11","6.0187","6.0187","6.0187","6.0187","","-0.64%"
"1996-02-04","6.0577","6.0577","6.0577","6.0577","","0.29%"
"1996-01-28","6.0403","6.0403","6.0403","6.0403","","0.39%"
"1996-01-21","6.0171","6.0171","6.0171","6.0171","","-1.15%"
"1996-01-14","6.0869","6.0869","6.0869","6.0869","","-0.27%"
"1996-01-07","6.1031","6.1031","6.1031","6.1031","","-0.34%"
"1995-12-31","6.1242","6.1242","6.1242","6.1242","","0.48%"
"1995-12-24","6.0951","6.0951","6.0951","6.0951","","-0.12%"
"1995-12-17","6.1023","6.1023","6.1023","6.1023","","0.74%"
"1995-12-10","6.0576","6.0576","6.0576","6.0576","","0.37%"
"1995-12-03","6.0350","6.0350","6.0350","6.0350","","-0.87%"
"1995-11-26","6.0877","6.0877","6.0877","6.0877","","-0.85%"
"1995-11-19","6.1399","6.1399","6.1399","6.1399","","-0.08%"
"1995-11-12","6.1447","6.1447","6.1447","6.1447","","-0.11%"
"1995-11-05","6.1517","6.1517","6.1517","6.1517","","-0.27%"
"1995-10-29","6.1682","6.1682","6.1682","6.1682","","1.19%"
"1995-10-22","6.0956","6.0956","6.0956","6.0956","","-0.55%"
"1995-10-15","6.1293","6.1293","6.1293","6.1293","","-1.25%"
"1995-10-08","6.2069","6.2069","6.2069","6.2069","","-0.56%"
"1995-10-01","6.2420","6.2420","6.2420","6.2420","","0.72%"
"1995-09-24","6.1972","6.1972","6.1972","6.1972","","0.64%"
"1995-09-17","6.1580","6.1580","6.1580","6.1580","","1.15%"
"1995-09-10","6.0881","6.0881","6.0881","6.0881","","-2.07%"
"1995-09-03","6.2170","6.2170","6.2170","6.2170","","0.46%"
"1995-08-27","6.1885","6.1885","6.1885","6.1885","","0.10%"
"1995-08-20","6.1824","6.1824","6.1824","6.1824","","1.09%"
"1995-08-13","6.1160","6.1160","6.1160","6.1160","","0.26%"
"1995-08-06","6.1003","6.1003","6.1003","6.1003","","-0.10%"
"1995-07-30","6.1062","6.1062","6.1062","6.1062","","0.62%"
"1995-07-23","6.0688","6.0688","6.0688","6.0688","","-0.56%"
"1995-07-16","6.1031","6.1031","6.1031","6.1031","","-0.11%"
"1995-07-09","6.1100","6.1100","6.1100","6.1100","","0.06%"
"1995-07-02","6.1061","6.1061","6.1061","6.1061","","0.97%"
"1995-06-25","6.0477","6.0477","6.0477","6.0477","","0.17%"
"1995-06-18","6.0375","6.0375","6.0375","6.0375","","0.56%"
"1995-06-11","6.0039","6.0039","6.0039","6.0039","","-0.32%"
"1995-06-04","6.0232","6.0232","6.0232","6.0232","","-0.06%"
"1995-05-28","6.0267","6.0267","6.0267","6.0267","","-0.42%"
"1995-05-21","6.0519","6.0519","6.0519","6.0519","","-1.05%"
"1995-05-14","6.1159","6.1159","6.1159","6.1159","","-0.13%"
"1995-05-07","6.1241","6.1241","6.1241","6.1241","","-0.66%"
"1995-04-30","6.1645","6.1645","6.1645","6.1645","","-0.54%"
"1995-04-23","6.1979","6.1979","6.1979","6.1979","","0.97%"
"1995-04-16","6.1383","6.1383","6.1383","6.1383","","-0.21%"
"1995-04-09","6.1512","6.1512","6.1512","6.1512","","1.63%"
"1995-04-02","6.0525","6.0525","6.0525","6.0525","","0.57%"
"1995-03-26","6.0180","6.0180","6.0180","6.0180","","0.04%"
"1995-03-19","6.0154","6.0154","6.0154","6.0154","","0.77%"
"1995-03-12","5.9696","5.9696","5.9696","5.9696","","-0.26%"
"1995-03-05","5.9849","5.9849","5.9849","5.9849","","-0.10%"
"1995-02-26","5.9910","5.9910","5.9910","5.9910","","-1.19%"
"1995-02-19","6.0631","6.0631","6.0631","6.0631","","0.85%"
"1995-02-12","6.0118","6.0118","6.0118","6.0118","","-0.08%"
"1995-02-05","6.0167","6.0167","6.0167","6.0167","","-0.13%"
"1995-01-29","6.0244","6.0244","6.0244","6.0244","","1.01%"
"1995-01-22","5.9640","5.9640","5.9640","5.9640","","0.67%"
"1995-01-15","5.9242","5.9242","5.9242","5.9242","","-1.01%"
"1995-01-08","5.9845","5.9845","5.9845","5.9845","","-0.73%"
"1995-01-01","6.0287","6.0287","6.0287","6.0287","","0.10%"
"1994-12-25","6.0227","6.0227","6.0227","6.0227","","-0.38%"
"1994-12-18","6.0456","6.0456","6.0456","6.0456","","-0.79%"
"1994-12-11","6.0936","6.0936","6.0936","6.0936","","-0.78%"
"1994-12-04","6.1415","6.1415","6.1415","6.1415","","-1.00%"
"1994-11-27","6.2038","6.2038","6.2038","6.2038","","0.30%"
"1994-11-20","6.1850","6.1850","6.1850","6.1850","","-0.62%"
"1994-11-13","6.2234","6.2234","6.2234","6.2234","","-0.75%"
"1994-11-06","6.2702","6.2702","6.2702","6.2702","","-0.24%"
"1994-10-30","6.2855","6.2855","6.2855","6.2855","","-0.35%"
"1994-10-23","6.3076","6.3076","6.3076","6.3076","","-0.04%"
"1994-10-16","6.3102","6.3102","6.3102","6.3102","","0.24%"
"1994-10-09","6.2954","6.2954","6.2954","6.2954","","-0.57%"
"1994-10-02","6.3312","6.3312","6.3312","6.3312","","-0.32%"
"1994-09-25","6.3515","6.3515","6.3515","6.3515","","0.04%"
"1994-09-18","6.3487","6.3487","6.3487","6.3487","","0.45%"
"1994-09-11","6.3200","6.3200","6.3200","6.3200","","1.25%"
"1994-09-04","6.2420","6.2420","6.2420","6.2420","","-0.25%"
"1994-08-28","6.2575","6.2575","6.2575","6.2575","","0.07%"
"1994-08-21","6.2532","6.2532","6.2532","6.2532","","0.26%"
"1994-08-14","6.2369","6.2369","6.2369","6.2369","","0.26%"
"1994-08-07","6.2206","6.2206","6.2206","6.2206","","0.25%"
"1994-07-31","6.2053","6.2053","6.2053","6.2053","","-0.22%"
"1994-07-24","6.2187","6.2187","6.2187","6.2187","","-0.76%"
"1994-07-17","6.2666","6.2666","6.2666","6.2666","","-0.12%"
"1994-07-10","6.2743","6.2743","6.2743","6.2743","","0.82%"
"1994-07-03","6.2234","6.2234","6.2234","6.2234","","-0.57%"
"1994-06-26","6.2591","6.2591","6.2591","6.2591","","0.56%"
"1994-06-19","6.2244","6.2244","6.2244","6.2244","","0.06%"
"1994-06-12","6.2205","6.2205","6.2205","6.2205","","-1.22%"
"1994-06-05","6.2974","6.2974","6.2974","6.2974","","0.16%"
"1994-05-29","6.2875","6.2875","6.2875","6.2875","","0.70%"
"1994-05-22","6.2435","6.2435","6.2435","6.2435","","-0.53%"
"1994-05-15","6.2769","6.2769","6.2769","6.2769","","-0.13%"
"1994-05-08","6.2852","6.2852","6.2852","6.2852","","0.20%"
"1994-05-01","6.2727","6.2727","6.2727","6.2727","","-0.16%"
"1994-04-24","6.2828","6.2828","6.2828","6.2828","","-0.35%"
"1994-04-17","6.3049","6.3049","6.3049","6.3049","","0.32%"
"1994-04-10","6.2848","6.2715","6.2848","6.2715","","0.00%"
"1994-04-03","6.2851","6.2671","6.2851","6.2671","","0.20%"
"1994-03-27","6.2726","6.2558","6.2726","6.2558","","-1.08%"
"1994-03-20","6.3411","6.3235","6.3411","6.3235","","-0.33%"
"1994-03-13","6.3621","6.3499","6.3621","6.3499","","-0.69%"
"1994-03-06","6.4066","6.3858","6.4066","6.3858","","-0.43%"
"1994-02-27","6.4342","6.4157","6.4342","6.4157","","-0.15%"
"1994-02-20","6.4441","6.4268","6.4441","6.4268","","-1.04%"
"1994-02-13","6.5116","6.4989","6.5116","6.4989","","0.25%"
"1994-02-06","6.4951","6.4787","6.4951","6.4787","","-0.46%"
"1994-01-30","6.5252","6.4851","6.5252","6.4851","","-0.63%"